"dong","와이파이개수","정보화점수","평균소득","평균생활인구","접근성점수"
"가락1동",4,0.943305960456054,1.23107061800333,26767.3619732836,1
"가락2동",1,0.932800117924528,0.322888342314439,29865.8166923414,3
"가락본동",1,0.927613897259291,0.549058455712506,35428.574567152,2
"가리봉동",14,0.91541331147541,-1.15716864602542,9152.85588745265,0
"가산동",63,0.93691707217338,-0.670303379789357,57531.9050443419,11
"가양1동",11,0.950175352813726,0.661153561247881,36795.0549482718,5
"가양2동",11,0.794783619550859,-0.392281901526859,14432.4933043442,0
"가양3동",7,0.840099635779986,-0.57819343159861,12363.3255788589,1
"가회동",16,0.882024509803922,-0.398516671913572,8157.3510055161,2
"갈현1동",17,0.886940780893381,-0.736811216691937,26986.328417152,1
"갈현2동",12,0.901586766169154,-0.436734962889139,24676.1645665956,1
"강일동",3,0.908867214492483,-0.323860423928249,35176.5685217093,1
"개봉1동",26,0.891168464607655,-0.745490672074871,27276.2568284564,0
"개봉2동",16,0.894586420874198,-0.60658484272507,26154.1214301136,0
"개봉3동",14,0.892031810952056,-0.61809795797805,15537.2089585582,0
"개포1동",1,0.876749566473988,1.00853258606995,8070.70204621212,0
"개포2동",6,0.928957458388136,1.31484718964145,18563.4416498461,0
"개포4동",7,0.923952349904917,0.67472508618475,16512.8744890862,1
"거여1동",5,0.895960517358747,-0.452836204963997,12457.3175923532,0
"거여2동",2,0.88678145499675,-0.316849167944958,12960.0256734612,0
"고덕1동",2,0.940085342885631,0.353160438747129,15348.761618383,0
"고덕2동",3,0.921227138795554,-0.893885730993673,9987.98451754261,0
"고척1동",26,0.897240592175999,-0.248867410299445,24891.5072029238,1
"고척2동",30,0.898344283246978,-0.861317826782385,19033.774728776,0
"공덕동",7,0.910856402280975,-0.749146171467233,37460.4445373816,2
"공릉1동",22,0.8965296875,-1.305040882895,43517.9012388139,2
"공릉2동",24,0.925838864405542,-0.718170011517721,47717.9713325284,2
"공항동",4,0.917785640989349,-0.526442786535623,38249.0016514441,2
"광장동",11,0.94375221018208,1.76460714553328,38890.164460464,2
"광희동",20,0.889930140038192,-0.598128570105125,24486.3780606534,5
"교남동",2,0.912575644378035,0.367084475699584,6899.12303455256,2
"구로1동",8,0.940149839344707,0.323037717673727,16944.7953497988,0
"구로2동",42,0.902599466030448,-1.22250110316712,36975.8631720052,0
"구로3동",54,0.924272346899962,-0.481958532911546,44635.6904209635,7
"구로4동",25,0.898396048666997,-0.771554865902676,17158.7113637547,0
"구로5동",31,0.921696104828577,-0.153973883112962,34700.1422056937,2
"구산동",14,0.885189800023666,-0.424548330461428,26291.2351843868,1
"구의1동",7,0.91931413953085,-0.428319611964835,23102.6187856297,1
"구의2동",9,0.909439144147373,-0.375876581422089,24473.7350721354,2
"구의3동",13,0.926694390908487,1.23529221058454,33082.7662738045,3
"군자동",10,0.918376769641323,-0.488617105275062,19250.1019126184,3
"금호1가동",5,0.906125799172621,0.451184306310149,15306.3916712476,0
"금호2.3가동",7,0.903943734226966,0.247458370711272,23129.5092389796,0
"금호4가동",2,0.911615551323307,0.928023317112273,10219.4953778883,1
"길동",4,0.904612504583001,-0.852916451939872,51543.5455428977,2
"길음1동",7,0.930913030580875,-0.228812605751167,32288.2839152462,0
"길음2동",7,0.91279861612515,0.27554769821645,16894.4039149029,3
"낙성대동",14,0.933513022754355,-0.0879045879294537,26931.6265893348,2
"난곡동",8,0.885905540951854,-0.950773070694408,18641.7611022372,0
"난향동",8,0.898636513358546,-0.166826376097055,10776.4788943537,0
"남가좌1동",8,0.923577786972455,1.05589464836782,15442.5623940933,1
"남가좌2동",5,0.898140979689367,-0.262081052058743,20303.1070242661,1
"남영동",19,0.858767593913457,-0.868138496282961,19023.7670401278,4
"남현동",17,0.919652528977871,0.270953115809197,24589.8688572325,1
"내곡동",11,0.898306206374114,1.03691926877662,26162.7432701823,2
"노량진1동",19,0.899747996191997,0.539068561087512,45614.0425297585,3
"노량진2동",7,0.87974196823555,-0.86977177529964,19057.2185311671,0
"녹번동",17,0.894778448881831,-0.909572431626684,32822.1466135653,0
"논현1동",21,0.927926950235373,0.184335679852067,45135.8574658026,6
"논현2동",10,0.921566837107378,1.00804530141883,44964.3103531013,8
"능동",13,0.922077892803473,-0.375653478780013,16220.3915328598,0
"다산동",6,0.895845227801796,-0.585263310468104,15944.0553539418,1
"답십리1동",13,0.918996440922674,0.11583017502964,23401.4718859612,1
"답십리2동",9,0.891826313717772,-0.510167236128168,23646.9155037997,0
"당산1동",19,0.909893839435049,0.244180737010601,23964.3852069839,0
"당산2동",6,0.931559189516573,1.4075983023646,41325.9718325402,3
"대림1동",8,0.894972385500857,-0.755504851143062,12488.6011558594,0
"대림2동",10,0.91849386991109,-0.846605920669683,14776.6282636364,0
"대림3동",14,0.910813918569732,-0.457690927277773,26904.2158509943,0
"대방동",10,0.91417134181248,-0.620875652499507,39093.0695624408,0
"대조동",11,0.890965997850233,-0.866010238528984,34807.6141432055,3
"대치1동",7,0.952679630068769,3.72223103408635,27169.2426583215,4
"대치2동",11,0.937960617900484,2.25526343271062,54277.0099453125,6
"대치4동",11,0.943827730285275,1.38353831851552,33792.842894188,3
"대학동",16,0.930876436194137,-0.597274120757446,37369.4603532789,0
"대흥동",10,0.916116390423573,-0.395047017191279,25072.0543249763,3
"도곡1동",1,0.931502475028728,2.65773653409985,27376.6766344342,2
"도곡2동",9,0.930890408572175,3.99878488391411,29682.6239467685,1
"도림동",3,0.9048285077951,-0.431065572331734,15519.9966420455,0
"도봉1동",10,0.848335755618356,-1.01784143320029,17174.6469755682,1
"도봉2동",8,0.872231230602922,-0.492469313855391,19487.1551312263,0
"도화동",3,0.905787952553775,0.860916575928859,22617.7742954664,2
"독산1동",33,0.918575615875912,-1.0546666588332,33299.4669801373,1
"독산2동",17,0.900389675309507,-0.985754425564755,14315.3438954427,0
"독산3동",26,0.908802847974328,-1.05257821264236,20692.0950419744,1
"독산4동",18,0.903190431777034,-0.965968957292412,12054.1765548295,0
"돈암1동",4,0.895692230387539,0.0915023394518251,16057.8729460109,1
"돈암2동",3,0.923526490330829,0.829116670263082,12930.1325645833,1
"동선동",10,0.917316724010813,-0.325066755526702,27277.6836199337,3
"동화동",6,0.905422464756708,0.155547334527076,9332.42730872396,0
"둔촌2동",3,0.913466957336408,0.502894591830234,29955.3122852865,1
"등촌1동",5,0.93216781211789,0.297875568990406,19184.4602040956,2
"등촌2동",4,0.918829705505762,0.290886274847695,15870.1854347064,0
"등촌3동",13,0.840884421337599,-0.410524448331726,31883.0506128314,3
"마장동",13,0.904181651757853,-0.019761831895586,25847.318370928,0
"마천1동",5,0.872868522442689,-0.762787219258261,11270.7987828362,0
"마천2동",6,0.874658136547772,-0.856279135597195,16126.3802155185,0
"망우3동",1,0.882403099046876,-1.0803309668401,12751.3924044626,0
"망우본동",19,0.883427697853304,-1.03082007536503,31860.2492286577,1
"망원1동",6,0.906481835651537,-0.530701585417841,19466.6694295455,1
"망원2동",7,0.908698390591148,-0.348272251819135,18078.3283666075,0
"면목2동",9,0.894311849510446,-1.1091384340383,21739.9790389323,0
"면목3.8동",12,0.888393621422393,-0.889916456257856,21068.797731321,0
"면목4동",10,0.880120785956513,-0.763643000697298,18205.121176456,0
"면목5동",6,0.891430330788804,-1.09684020090178,10587.3924004025,0
"면목7동",9,0.889452342342342,-0.62344856431114,19175.6768417969,1
"면목본동",14,0.896732476861445,-1.3726519361708,30646.082370786,0
"명동",44,0.879938884216428,-0.0675754776543787,43805.2322828717,21
"명일1동",6,0.921650497047612,0.520389134241011,25618.0035886482,1
"명일2동",1,0.926557599280009,1.41915982448966,18100.6802938684,1
"목1동",16,0.946585397693718,1.4234056291676,48538.9097181818,9
"목2동",22,0.925096165454141,0.166197328415081,24615.2190038471,0
"목3동",12,0.915425806451613,-0.0709317720056209,20075.3155223958,1
"목4동",14,0.928293433423762,-0.172130313997134,17595.7123333688,0
"목5동",12,0.947978578746391,2.25105758063615,41613.0482478812,4
"무악동",1,0.903664530892448,0.719671479747416,7261.18044339489,0
"묵1동",3,0.907518019768992,-0.895017856167023,27686.9824068182,1
"묵2동",10,0.896802421988845,-0.582348341341692,18480.8991404001,0
"문래동",10,0.920317116666145,0.298540676210353,41552.4692635298,3
"문정1동",2,0.924875311018262,0.641920914834838,22633.8771309422,0
"문정2동",3,0.934700403777489,1.94797746810049,47378.2853608546,8
"미성동",19,0.899286922536716,-0.602604476645262,22689.6843386009,0
"미아동",6,0.88317037783817,-0.850397958136228,22617.3245298651,2
"반포1동",4,0.942853476547222,1.85762523987891,35712.008325438,2
"반포2동",4,0.938008971620384,3.73932644876763,18625.9263423414,0
"반포3동",2,0.935561794997548,2.93565539622236,20404.2215211174,1
"반포4동",16,0.927654557137208,2.49973358763002,45891.3461084754,7
"반포본동",3,0.916954716981132,2.22836075353474,10342.5838253433,0
"발산1동",13,0.925674137169865,-0.530152058228551,34364.4553312974,3
"방배1동",4,0.911237674047021,1.46162482662683,20126.5569696141,3
"방배2동",10,0.905373365779177,0.68808136571524,25727.2635049716,1
"방배3동",6,0.910213181919394,1.60722809867746,22017.0006945431,1
"방배4동",6,0.923131960303949,1.74187322206273,25135.6199901989,4
"방배본동",5,0.923164975677554,2.02853454990886,24318.9471816288,1
"방이1동",3,0.927335996126846,1.00298894231409,17244.6559613755,2
"방이2동",12,0.923884963907234,-0.342894563619936,35785.0078683475,2
"방학1동",10,0.887746706148523,-0.726757921464374,23611.2139721946,0
"방학2동",13,0.868606527909177,-1.10865057155335,14207.9250787169,0
"방학3동",7,0.90887370578834,-0.0648062529790537,21379.2789111387,0
"방화1동",7,0.918144061487256,-0.901351744477043,35397.9976258523,1
"방화2동",8,0.874904245145732,-0.551854330999972,35986.3009509351,0
"방화3동",15,0.863628479176033,-0.1628736471532,19089.9204944366,0
"번1동",19,0.888832874477414,-0.982931577568204,20604.3688207268,3
"번2동",14,0.847419015319846,-0.962658657414639,12183.6277349077,0
"번3동",6,0.819550161634979,-0.891312359192531,15415.5914741714,1
"보광동",3,0.892822216618333,-0.940879489654292,11411.7515756866,0
"보라매동",10,0.900786194142512,-0.65076738723672,20558.9454802438,1
"보문동",3,0.914071758842251,-0.329589179902778,17653.1622173295,0
"부암동",2,0.904507534830822,0.333466754573719,13770.4346895715,0
"북가좌1동",4,0.909749478079332,0.560001915061338,13933.7855349787,0
"북가좌2동",12,0.889986867790594,-0.921302535408595,35870.9527351326,0
"북아현동",5,0.919327132667618,0.416590974500087,35445.8899966619,1
"불광1동",11,0.88937910892783,-1.0427897372504,37203.9753140625,2
"불광2동",33,0.878153356794802,-0.823167838690287,22354.7935862453,0
"사근동",6,0.934643579709075,-0.30272021168086,25543.0269702652,3
"사당1동",5,0.911398859568801,-0.39062359366769,26704.880072017,5
"사당2동",8,0.899053234358431,0.477685664933406,35262.3985302083,0
"사당3동",6,0.906846239532918,0.495191433485951,18998.5526575047,1
"사당4동",5,0.899073252462972,-0.321166007677628,13842.1662062382,0
"사당5동",8,0.906578534844017,-0.374802495707078,9515.13133211411,0
"사직동",16,0.897340804890474,1.68002206152284,28443.3658484848,9
"삼각산동",5,0.918228784194529,-0.3464414855891,22870.7107944957,1
"삼선동",18,0.906404989812786,-0.128411070088539,29022.6886291667,1
"삼성1동",27,0.921141487935657,2.11105450321186,46191.8196326586,11
"삼성2동",16,0.938753341592228,1.82034512421621,40822.1766636127,6
"삼성동",11,0.861588519781178,-0.619717796127642,22905.1695278883,0
"삼양동",11,0.87921141872577,-0.989626319982939,24556.4820326705,0
"삼전동",8,0.929704933615429,-0.6385335795408,30703.4775128788,1
"삼청동",16,0.874540540540541,0.0272571547382825,6907.50927974669,2
"상계10동",6,0.922480594500271,-0.0398868019110074,16881.8448187737,1
"상계1동",14,0.898040527404601,-0.99416007786348,38605.2388736269,2
"상계2동",11,0.906553911404335,-0.242902978456983,31725.0681723603,2
"상계3.4동",11,0.856038035479123,-0.888434419799351,20054.9042451823,0
"상계5동",8,0.879288663030255,-0.772647567712692,21778.7539896899,0
"상계6.7동",22,0.917362329716001,-0.218514783513557,42947.1562625473,5
"상계8동",12,0.932804325136726,-0.143562176369069,16775.0368729877,0
"상계9동",7,0.913897258086592,-0.252358994519329,17834.9426563092,0
"상도1동",10,0.917056278944199,-0.163214988829013,48466.9117931108,3
"상도2동",10,0.913651247010591,0.409104757392624,24473.8211051373,0
"상도3동",7,0.900128067278522,-0.510059966955404,17775.4521279238,1
"상도4동",9,0.900861439132907,-0.600393329804626,22921.8750666193,0
"상봉1동",7,0.905254911957332,-0.201951481130618,20595.2835523201,1
"상봉2동",6,0.908676224551502,-0.701769453886027,26365.3354662169,5
"상암동",15,0.926796818928289,0.459670905643855,48034.8425540956,7
"상일동",1,0.907754385964912,0.24347157593281,17239.3451844342,1
"서강동",4,0.931307457095899,1.50451128358833,29439.2592523674,3
"서교동",37,0.925180559295303,0.0650778778993037,80457.715772384,19
"서림동",6,0.914904145609926,-0.461106176452076,18559.1741962121,0
"서빙고동",5,0.914670755921146,1.43382842922749,18416.855722455,1
"서원동",16,0.918578153564899,-0.678676195152664,24946.387770928,3
"서초1동",19,0.923293757820103,1.91077910379715,33787.6251400331,5
"서초2동",10,0.938507883420927,2.25400249844943,43250.0468386009,5
"서초3동",16,0.920006623372427,2.86460258206809,67200.7187309541,7
"서초4동",15,0.934063148680755,2.42513264208331,45789.638830812,8
"석관동",12,0.888461418358123,-0.820036824812215,27906.1721251184,0
"석촌동",8,0.925451659914308,-0.725592788775564,31519.9816369792,1
"성내1동",13,0.918872233840766,0.274336681481895,25609.5666490294,4
"성내2동",6,0.902619828476138,-0.555025600481548,27050.2457422704,2
"성내3동",5,0.912686342544208,-0.298899357035506,27974.5079694247,1
"성북동",11,0.89972804822566,0.481112587565258,20810.1797302675,2
"성산1동",4,0.91270824241222,-0.390761073260815,21421.2407861861,1
"성산2동",9,0.905158772964773,-0.849904857338419,38156.943178705,1
"성수1가1동",11,0.923452236719478,0.607445197132444,17233.207397017,2
"성수1가2동",6,0.919205904309467,-0.0889476063325247,20416.0212749645,1
"성수2가1동",5,0.900731915133732,-0.304472596124423,19782.5928910748,3
"성수2가3동",7,0.909517890772128,0.320394629775759,30640.9163700758,1
"성현동",7,0.895161603849238,-0.417686028759802,27660.547812133,0
"세곡동",2,0.910684115924019,0.817098461206805,43011.6074250118,0
"소공동",21,0.948337038247793,0.904190112936102,33212.3504569839,16
"송정동",1,0.902699159957998,-0.739435706869017,10417.3847283262,0
"송중동",16,0.886767020832665,-0.799609821935731,33537.203410393,2
"송천동",9,0.871797226491547,-1.14334684439047,28290.9701897846,1
"송파1동",4,0.926357642357642,-0.0635334590969345,29084.1536083215,4
"송파2동",1,0.925495685936152,1.2683410729857,18735.8213142401,0
"수궁동",37,0.898874929690639,-0.459135849198585,24086.3235574929,0
"수색동",2,0.876977882037533,-0.177648679239606,11000.6147913589,0
"수서동",6,0.794351826283419,0.069858714545071,25532.3672767874,2
"수유1동",13,0.874335744700334,-1.09108650962512,19295.3229307647,0
"수유2동",6,0.873316878617986,-0.680010042355649,21141.8765367188,0
"수유3동",18,0.887184217087766,-0.940914697222667,30237.4982841146,2
"숭인1동",6,0.890323637477036,-0.995187973547639,7961.90928995028,0
"숭인2동",6,0.895208240759443,-0.805226497468876,15594.3665681818,1
"시흥1동",31,0.899879338527761,-0.925988034394128,30396.7516013139,3
"시흥2동",7,0.892625005516572,-0.127394584458534,15366.5212110322,0
"시흥3동",11,0.884169472405415,-0.84900832168375,11764.5413502723,0
"시흥4동",9,0.891240682391069,-0.841957594850648,12635.4321953717,0
"시흥5동",15,0.871964737447298,-0.948354027488485,12863.7389175781,0
"신길1동",5,0.898205012658228,-0.581044905200303,17703.6976027225,0
"신길3동",4,0.899672611737064,-0.435019509835296,15295.8206828362,1
"신길4동",2,0.883302754131197,-0.640544984962796,6578.62960665246,0
"신길5동",4,0.889764104967198,-0.703639122398896,6972.16209622396,0
"신길6동",4,0.903588093032829,-0.153111390062215,18194.1631082031,1
"신길7동",2,0.929491244509517,0.563381865249365,13858.7957115057,0
"신내1동",7,0.901895554902825,-1.09202367602503,33533.1984911695,1
"신내2동",9,0.885327733394202,-0.292659377478218,18532.670506108,1
"신당5동",8,0.902649281727514,-0.494277099726036,11008.6896617779,0
"신당동",18,0.907698613818497,-0.745337290215151,26161.0203078125,2
"신대방1동",6,0.921339524042257,0.279404465611387,17278.3536039891,0
"신대방2동",6,0.915075244944254,0.628970149155067,27327.0258551255,1
"신도림동",20,0.932965338281166,0.639921682364242,35282.1751786577,5
"신림동",17,0.946256381798002,-0.833338957274234,29414.9589200166,2
"신사1동",8,0.899524431221561,-0.494463820234516,24100.4153654711,0
"신사2동",5,0.892844022857143,-0.565941202934945,16148.3060279948,0
"신사동_강",31,0.908167787529921,2.07918865137427,38425.4965799953,0
"신사동_관",10,0.917353890600925,-0.643505957475332,22073.1527509825,0
"신수동",1,0.920655861289107,0.661035801737772,19242.9731302912,0
"신원동",11,0.901423361361564,-0.825078639560639,16729.066586991,0
"신월1동",17,0.882250172231663,-1.02968135667428,15582.2786599195,0
"신월2동",16,0.899271535749797,-0.43505385026851,14783.670107777,0
"신월3동",13,0.884352114360907,-1.05672082288331,13564.7081284091,2
"신월4동",14,0.904347997477136,-0.424440286190242,13237.895616572,1
"신월5동",13,0.906895504174695,-0.544238471897261,11880.7603963897,0
"신월6동",5,0.900225094482237,-0.820406976367646,5702.71415590672,0
"신월7동",19,0.87997703916304,-0.928303709914261,18517.8901991359,0
"신정1동",8,0.931000277430989,1.52777220149833,16203.7214109493,0
"신정2동",12,0.924429683345419,0.937309933206383,14541.021381901,0
"신정3동",21,0.912394882764636,-0.823998477927575,37356.4888506629,0
"신정4동",23,0.900801270340912,-1.28427261296101,34013.3705930161,3
"신정6동",14,0.944902624091053,1.81859168430351,18921.2579575166,1
"신정7동",13,0.902991910432307,-0.32329802907028,24921.6286129853,1
"신촌동",41,0.94439537173806,0.0315653939926459,64249.8471644531,15
"쌍문1동",5,0.882585315685924,-0.753403909651295,18723.0926041667,0
"쌍문2동",5,0.886869962546816,-0.79771778336462,18289.9712133523,1
"쌍문3동",5,0.884702062333449,-0.806341467420945,16083.9525783499,0
"쌍문4동",3,0.917035535813437,-0.0597863213836992,13704.3799553977,0
"아현동",5,0.930632620869154,1.15537973550131,27512.2046150213,2
"안암동",6,0.923646897497429,-0.13411875112357,28770.6649843868,3
"암사1동",13,0.901248112719047,-1.43809369681625,33645.8057797349,0
"암사2동",3,0.91581034249357,0.476981666288011,16533.4544847893,0
"암사3동",1,0.926144974054459,1.27522881059137,14761.6496031605,1
"압구정동",35,0.905375866050808,3.22656523756019,48135.8024754616,9
"약수동",9,0.875152757415135,0.440822305897351,16059.8022667614,0
"양재1동",31,0.909680235089247,1.12851336143205,50042.0869151752,4
"양재2동",14,0.928358015629722,-0.123959189376049,39165.6525585937,1
"양평1동",5,0.918849860373433,0.124941025202848,19462.1337093513,0
"양평2동",8,0.936793921585826,0.640121388289751,28373.1405990175,3
"여의동",16,0.907179027689462,1.83747265717774,93400.2995966264,19
"역삼1동",48,0.942469758391438,0.194083024507916,110468.062466146,21
"역삼2동",8,0.946127142704093,1.64379587442865,52528.6311162524,5
"역촌동",18,0.897050649618478,-1.27983182631481,42673.1274194129,0
"연남동",10,0.91476139916239,-0.334924263938563,19707.0706880208,0
"연희동",49,0.908346404122016,-0.186938462128228,41603.4403113281,2
"염리동",1,0.919164911760344,0.00556295810197634,12394.2989833925,1
"염창동",7,0.944159703140046,-0.132133928200996,32030.187519697,2
"영등포동",23,0.916509902083487,0.0518731364005545,50327.6825659446,10
"영등포본동",9,0.902957965582557,-0.167003315559363,23121.4367782789,1
"오금동",5,0.914654126184041,-0.27000122781586,36729.8658510062,1
"오류1동",22,0.899860528010303,-0.477786425868778,15755.0859044981,1
"오류2동",33,0.908488672897196,-0.995569334116515,45942.6016375118,0
"오륜동",3,0.931759382951654,3.01175744766476,21656.2650282552,1
"옥수동",4,0.918556388215414,1.53500594198357,29965.2157773911,0
"왕십리2동",4,0.913275867899008,0.104971622883683,14754.183285393,0
"왕십리도선동",9,0.920999459790399,0.60401626315907,21382.7078137074,3
"용강동",9,0.925299897509024,1.26693160728326,26017.2465820549,3
"용답동",16,0.894228141459744,-0.850115919838982,19905.6082307647,0
"용문동",8,0.902598395169619,0.257783183215203,9854.64835903172,0
"용산2가동",9,0.892326377154444,-0.888471440408783,11357.9736586293,1
"용신동",21,0.892902967894475,-0.732928580536889,42806.6293499645,1
"우이동",12,0.870874292926932,-0.814408244472799,18196.0193185606,0
"우장산동",13,0.929728173540439,0.0931416484731681,37110.6071366832,1
"원효로1동",7,0.929489116055322,1.10861025828632,19755.8141763139,0
"원효로2동",7,0.904891765185487,0.717327267947725,13072.8569327533,0
"월계1동",14,0.894760499099778,-0.177063310878092,26593.8310292022,1
"월계2동",10,0.857804463336876,-0.514388088643291,20242.2305330137,1
"월계3동",7,0.881231918462951,-0.487545549149158,24861.0162750118,2
"월곡1동",8,0.900567016676961,-0.416349363573297,22257.4410146544,0
"월곡2동",12,0.896755521965966,-0.199662183167326,26463.4255309541,1
"위례동",1,0.954867684478371,1.48040265425089,32340.7973408617,2
"은천동",16,0.899860259784362,-0.437875098369944,26074.7398457031,0
"을지로동",7,0.855936223218734,0.00304044849056409,18464.9670482126,3
"응봉동",3,0.911326352853966,0.523398383342834,13688.6540877131,0
"응암1동",5,0.900533600997895,-0.424309786644023,23740.9730284683,3
"응암2동",7,0.91704562946674,0.257234635354872,16402.4491604877,0
"응암3동",15,0.869761435527779,-0.905567825319109,23785.9034936908,0
"이문1동",9,0.91131719779481,-0.347317361986882,25288.3860584635,3
"이문2동",3,0.891464768111835,-0.170834399634938,17526.8824720407,0
"이촌1동",13,0.918349341992822,3.0260078870773,27523.9536008404,2
"이촌2동",6,0.887368906163243,0.503401857880794,7413.92329492187,0
"이태원1동",38,0.902948275862069,-0.0743130729070092,13707.1126152462,2
"이태원2동",19,0.899893811858293,-0.286550476816823,12193.7021189512,0
"이화동",20,0.901257378984652,-0.715555452683723,24923.1396693182,5
"인수동",11,0.869325159422076,-1.06395408855875,29215.4295751184,0
"인헌동",13,0.916755648257531,-0.361382281532799,22017.8785287524,1
"일원1동",9,0.871146489840613,-0.426947849085352,18589.4115661103,0
"일원2동",9,0.885480396475771,0.842502079119968,14443.0996696378,0
"일원본동",6,0.936116111316037,2.04392048532831,23123.5680933239,0
"자양1동",9,0.913986173207485,-0.498885012025406,27253.8838709635,1
"자양2동",8,0.91527051649128,-0.0632385639250262,23732.6594871922,1
"자양3동",13,0.924837794741306,2.25321677149958,24881.7911586648,4
"자양4동",15,0.904594434782609,-0.60633382928116,28551.4787353101,1
"잠실2동",5,0.950571001657203,2.32107358548005,38554.1037370739,0
"잠실3동",8,0.922962262056718,1.57850416483947,48395.2784157907,1
"잠실4동",3,0.936729856115108,2.25566587816315,23086.0844171402,0
"잠실6동",8,0.918740783211972,2.44510185174371,45158.0418673177,7
"잠실7동",1,0.894564812089098,2.95668106806355,9745.1038061553,0
"잠실본동",8,0.928374645605508,-0.352182943197401,37215.2594564986,4
"잠원동",7,0.938222481568985,1.39252601535793,38968.7820370147,3
"장안1동",30,0.90479365565857,-1.22451512044107,36492.7225138139,1
"장안2동",9,0.91041576637918,-0.925856690342464,27166.9055885653,2
"장위1동",7,0.884550505050505,-0.972310911668511,17471.6930609848,0
"장위2동",5,0.864897008302319,-1.02735479447479,13933.9483646188,0
"장위3동",4,0.913903299203641,-0.313933289433964,7865.60037813684,0
"장지동",5,0.917509423687793,-0.770342690099136,32677.1140100971,0
"장충동",1,0.912962331201137,-0.780682585506142,12779.553220206,1
"전농1동",11,0.888868543845535,-0.60444620971378,35698.1641644768,1
"전농2동",7,0.89243951975988,-0.135918413828334,16447.4478737334,1
"정릉1동",4,0.910005242868157,0.115498468653568,15102.7317181818,0
"정릉2동",12,0.894026726525132,-0.234724222011179,21423.3345048059,0
"정릉3동",8,0.887186908837695,-0.805418502043619,18257.0516456439,0
"정릉4동",5,0.896550948044192,-0.332552185856908,19528.0113606297,0
"제기동",15,0.876318411051016,-0.464392751397477,34846.4548352273,0
"조원동",9,0.915481740640482,-0.593859545274298,27299.8765461411,1
"종로1.2.3.4가동",59,0.858776225432157,-0.149005760082581,71493.8024497633,24
"종로5.6가동",8,0.881499400582291,-1.10743336477603,20854.9322556345,0
"종암동",12,0.907678092611962,-0.915747579489683,37391.0910407907,3
"중계1동",10,0.947578489718827,0.530750994635308,24728.1927364465,2
"중계2.3동",22,0.857274977558959,-1.30066192751801,36731.7056391335,2
"중계4동",8,0.874109876195836,-0.0780273787542982,19428.2234492661,0
"중계본동",15,0.936472270531401,-0.0557582060256951,21877.2708566169,0
"중곡1동",9,0.905428685454657,-0.764906024649949,15802.0026148556,0
"중곡2동",8,0.914026635348342,-0.570590411488968,18317.0761702652,0
"중곡3동",9,0.9003652902108,-0.882832031952594,16336.9427703125,0
"중곡4동",7,0.901800760256914,-0.861801189679535,27257.6385965436,0
"중림동",6,0.901470483696492,0.519469100162211,9184.51595131392,0
"중앙동",10,0.910541868512111,-0.54135721112787,16043.3056632102,1
"중화1동",3,0.902019315356665,-0.630750435529289,16890.2937204901,0
"중화2동",8,0.881725342817335,-1.15018927527349,27165.451370277,0
"증산동",10,0.88757890180559,-0.380284730550592,11823.1530629735,0
"진관동",12,0.920179946902045,0.31321099032393,61868.9167905776,3
"창1동",18,0.902852042175783,-0.369725979590819,23828.5637265625,1
"창2동",6,0.902243688110696,-0.734277177338398,26823.9188242898,0
"창3동",6,0.877582188536239,-0.977343321140901,13157.515547313,0
"창4동",10,0.916580023678829,0.244773563967409,30149.656451669,0
"창5동",13,0.906175412758701,0.08558126384413,25049.85143125,2
"창신1동",12,0.871595657180457,-0.907350982211751,11565.9957678977,1
"창신2동",9,0.889696091437902,-1.19772824993202,9671.18698766572,0
"창신3동",7,0.897692752028607,-0.651304782873258,4069.14735504261,0
"천연동",8,0.893910340034217,0.691293108389511,18238.2419041548,0
"천호1동",3,0.892193521126761,-0.662088146958941,43385.9850128788,1
"천호2동",9,0.896841995320856,-1.58566609883499,45756.4568763731,1
"천호3동",3,0.897515466495214,-0.621379920918101,31642.5650061198,2
"청구동",8,0.889420737168446,0.0485188968758819,11798.1675531368,0
"청담동",34,0.926431673306773,3.49452048569286,43704.6316370028,7
"청량리동",11,0.848658749082905,-0.603702988886714,20423.4807104403,0
"청룡동",18,0.927327351916376,-0.58166972624859,35954.5605887074,2
"청림동",5,0.900634962544517,0.298000743140365,9441.1200631392,0
"청운효자동",11,0.900859718049457,0.590414747512926,16595.033279581,0
"청파동",12,0.90053375925657,-0.588706093747578,25090.0223895241,1
"충현동",4,0.896167448793684,-0.0956731305719364,39029.2077154119,3
"평창동",4,0.902538637329932,1.66415623801866,18900.2116344223,1
"풍납1동",10,0.891999162263178,-0.448529757858594,17425.3025298177,0
"풍납2동",6,0.91862480227776,0.576871369667628,38542.5942489938,0
"필동",11,0.905014940239044,-0.646561368963126,15719.4951885062,4
"하계1동",11,0.89126091110732,-0.568439182943948,28365.2888156013,1
"하계2동",11,0.913871601338022,0.328030884620591,18520.1738107955,0
"한강로동",15,0.910642678889738,1.84159664766502,47651.113182706,7
"한남동",20,0.911961525480931,0.923784372290626,33833.2001649503,4
"합정동",3,0.917953845350598,-0.136105389341251,24291.4359836884,1
"행당1동",13,0.912671566543157,0.381722941542691,29479.9268812855,2
"행당2동",3,0.910435957792208,0.629817117715288,17531.9590179332,0
"행운동",12,0.914533082731779,-0.247999764190975,27172.4145937618,0
"혜화동",16,0.9242774161977,0.262460469736489,33817.6343185843,4
"홍은1동",12,0.885634617064012,-0.281773065839968,13883.8006498698,0
"홍은2동",13,0.893989328731422,-0.142663965083865,25536.2530200284,0
"홍제1동",2,0.897953354402528,0.172349300958858,26435.4923177557,1
"홍제2동",5,0.892436993822924,0.291295801359825,8804.58499401042,0
"홍제3동",11,0.872727527405603,-0.52092920822347,17321.4677389678,1
"화곡1동",12,0.911150617645981,-0.976036038233926,48231.8566106297,2
"화곡2동",4,0.910186278031508,-0.780331934415401,13387.9111954545,0
"화곡3동",9,0.901065918097754,0.137017382125478,16730.1004365175,0
"화곡4동",6,0.89974646162221,-0.763182555854154,18612.1426542732,1
"화곡6동",11,0.911188390795446,0.0705040211950846,22736.7052805516,0
"화곡8동",10,0.905405975329133,-0.868856355153519,27404.2890860322,0
"화곡본동",14,0.917672058577872,-1.06468542888718,27500.7658240412,0
"화양동",20,0.946531659944394,-0.653874689248601,41837.5896590436,4
"황학동",6,0.913045876251004,-0.0422023878361096,13151.4519362926,2
"회기동",7,0.931849931371054,-0.274910621970226,22563.8066976207,3
"회현동",25,0.841075726495726,-0.392390371038286,30764.688721733,10
"효창동",10,0.917914077669903,0.172668648169415,9822.63234681582,1
"후암동",9,0.898515098942803,-0.348672551693424,13919.7395618608,0
"휘경1동",3,0.908138054276714,-0.594984498555403,17272.892172822,0
"휘경2동",11,0.909910204244455,0.216016260225079,20903.8401850142,0
"흑석동",7,0.908703440128266,1.15853109659775,36382.3421698745,2
"둔촌1동",0,0.829247349823321,0.415400659242405,7308.36819872159,0
