"구","동","인구","고령자","장애인구","기초생활수급인구","일반인구","고령자비율","장애인비율","기초비율","일반비율","정보화점수"
"종로구","사직동",9815,1778,295,127,7615,0.181151299032094,0.0300560366785532,0.0129393785022924,0.775853285787061,0.897340804890474
"종로구","삼청동",2997,664,112,42,2179,0.221554888221555,0.0373707040373707,0.014014014014014,0.72706039372706,0.874540540540541
"종로구","부암동",10551,1762,316,133,8340,0.166998388778315,0.0299497677945218,0.012605440242631,0.790446403184532,0.904507534830822
"종로구","평창동",18816,3263,538,147,14868,0.173416241496599,0.0285926870748299,0.0078125,0.790178571428571,0.902538637329932
"종로구","무악동",8740,1413,337,145,6845,0.161670480549199,0.038558352402746,0.0165903890160183,0.783180778032037,0.903664530892448
"종로구","교남동",10708,1564,360,212,8572,0.146059021292492,0.0336197235711617,0.019798281658573,0.800522973477774,0.912575644378035
"종로구","가회동",4488,919,179,65,3325,0.204768270944742,0.0398841354723708,0.0144830659536542,0.740864527629233,0.882024509803922
"종로구","종로1.2.3.4가동",8446,1900,391,687,5468,0.224958560265214,0.0462941037177362,0.0813402794222117,0.647407056594838,0.858776225432157
"종로구","종로5.6가동",5839,1117,270,267,4185,0.191299880116458,0.0462407946566193,0.0457270080493235,0.716732317177599,0.881499400582291
"종로구","이화동",8470,1377,340,214,6539,0.162573789846517,0.0401416765053129,0.0252656434474616,0.772018890200708,0.901257378984652
"종로구","창신1동",6079,1214,320,410,4135,0.199703898667544,0.052640236881066,0.0674453035038658,0.680210560947524,0.871595657180457
"종로구","창신2동",9799,1708,488,396,7207,0.174303500357179,0.0498010001020512,0.040412286968058,0.735483212572712,0.889696091437902
"종로구","창신3동",7271,1198,336,204,5533,0.164764131481227,0.0462109751065878,0.0280566634575712,0.760968229954614,0.897692752028607
"종로구","숭인1동",6532,1159,286,256,4831,0.177434170238824,0.0437844458052664,0.0391916717697489,0.73958971218616,0.890323637477036
"종로구","숭인2동",9902,1653,443,391,7415,0.166935972530802,0.0447384366794587,0.0394869723288225,0.748838618460917,0.895208240759443
"종로구","청운효자동",12981,2202,480,164,10135,0.169632539865958,0.0369771204067483,0.0126338494723057,0.780756490254988,0.900859718049457
"종로구","혜화동",20435,2628,576,259,16972,0.128602887203328,0.0281869341815513,0.0126743332517739,0.830535845363347,0.9242774161977
"중구","소공동",3059,284,32,33,2710,0.0928407976462896,0.0104609349460608,0.0107878391631252,0.885910428244524,0.948337038247793
"중구","회현동",5850,1470,337,504,3539,0.251282051282051,0.0576068376068376,0.0861538461538462,0.604957264957265,0.841075726495726
"중구","명동",3567,750,128,66,2623,0.210260723296888,0.0358844967760022,0.0185029436501262,0.735351836276983,0.879938884216428
"중구","필동",5020,820,165,74,3961,0.163346613545817,0.0328685258964143,0.0147410358565737,0.789043824701195,0.905014940239044
"중구","장충동",5628,810,203,107,4508,0.143923240938166,0.0360696517412935,0.0190120824449183,0.800995024875622,0.912962331201137
"중구","광희동",6284,1172,244,151,4717,0.186505410566518,0.0388287714831318,0.0240292807129217,0.750636537237428,0.889930140038192
"중구","을지로동",2007,489,86,98,1334,0.243647234678625,0.0428500249128052,0.0488290981564524,0.664673642252118,0.855936223218734
"중구","신당5동",10929,1690,486,352,8401,0.154634458779394,0.0444688443590447,0.0322078872723945,0.768688809589166,0.902649281727514
"중구","황학동",13689,1912,510,397,10870,0.139674190956242,0.0372561911023449,0.0290013879757469,0.794068229965666,0.913045876251004
"중구","중림동",12942,2014,539,544,9845,0.15561736980374,0.0416473497141091,0.0420336887652604,0.760701591716891,0.901470483696492
"중구","신당동",9234,1361,376,287,7210,0.147390080138618,0.0407190816547542,0.0310807883907299,0.780810049815898,0.907698613818497
"중구","다산동",15035,2566,652,407,11410,0.170668440305953,0.0433654805453941,0.0270701696042567,0.758895909544396,0.895845227801796
"중구","약수동",17734,3598,891,728,12517,0.202887109507161,0.0502424720875155,0.0410510883049509,0.705819330100372,0.875152757415135
"중구","청구동",14515,2602,623,593,10697,0.179262831553565,0.0429211160868068,0.0408542886668963,0.736961763692732,0.889420737168446
"중구","동화동",10995,1737,440,156,8662,0.157980900409277,0.0400181900864029,0.0141882673942701,0.78781264211005,0.905422464756708
"용산구","후암동",18445,3005,779,676,13985,0.162916779615072,0.0422336676606126,0.0366494985090811,0.758200054215235,0.898515098942803
"용산구","용산2가동",11836,2073,490,459,8814,0.175143629604596,0.0413991213247719,0.0387799932409598,0.744677255829672,0.892326377154444
"용산구","남영동",8412,1611,572,1171,5058,0.19151212553495,0.067998097955302,0.139205896338564,0.601283880171184,0.858767593913457
"용산구","원효로2동",14718,2370,468,363,11517,0.161027313493681,0.0317977986139421,0.0246636771300448,0.782511210762332,0.904891765185487
"용산구","효창동",10300,1421,345,126,8408,0.137961165048544,0.033495145631068,0.0122330097087379,0.81631067961165,0.917914077669903
"용산구","용문동",12587,2023,489,319,9756,0.160721379200763,0.0388496067371097,0.0253436084849448,0.775085405577183,0.902598395169619
"용산구","이촌1동",29255,4412,530,44,24269,0.150811827038113,0.0181165612715775,0.00150401640745172,0.829567595282858,0.918349341992822
"용산구","이촌2동",9005,1737,378,125,6765,0.192892837312604,0.041976679622432,0.0138811771238201,0.751249305941144,0.887368906163243
"용산구","이태원1동",9222,1580,236,163,7243,0.17132942962481,0.0255909780958577,0.0176751247018,0.785404467577532,0.902948275862069
"용산구","이태원2동",10811,1885,323,199,8404,0.174359448709648,0.0298769771528998,0.0184071778743872,0.777356396263065,0.899893811858293
"용산구","서빙고동",14102,2060,393,262,11387,0.146078570415544,0.0278683874627712,0.0185789249751808,0.807474117146504,0.914670755921146
"용산구","보광동",15862,2730,599,829,11704,0.172109443954104,0.0377632076661203,0.0522632707098727,0.737864077669903,0.892822216618333
"용산구","청파동",20661,3300,822,806,15733,0.159721213881226,0.039785102366778,0.0390106964812933,0.761482987270703,0.90053375925657
"용산구","원효로1동",16630,1941,466,290,13933,0.1167167769092,0.0280216476247745,0.0174383644016837,0.837823211064342,0.929489116055322
"용산구","한강로동",19635,3053,496,387,15699,0.155487649605297,0.0252610134963076,0.0197097020626432,0.799541634835752,0.910642678889738
"용산구","한남동",23704,3590,639,487,18988,0.151451231859602,0.0269574755315559,0.0205450556868039,0.801046236922038,0.911961525480931
"성동구","왕십리2동",17744,2483,663,472,14126,0.139934625788999,0.0373647430117223,0.0266005410279531,0.796100090171326,0.913275867899008
"성동구","마장동",24035,3661,1089,679,18606,0.152319534012898,0.0453089244851259,0.0282504680674017,0.774121073434575,0.904181651757853
"성동구","사근동",13543,1453,387,185,11518,0.107287897806985,0.0285756479362032,0.0136601934578749,0.850476260798937,0.934643579709075
"성동구","행당1동",16463,2324,633,401,13105,0.141165036749074,0.0384498572556642,0.0243576504889753,0.796027455506287,0.912671566543157
"성동구","행당2동",24640,3575,918,700,19447,0.145089285714286,0.0372564935064935,0.0284090909090909,0.78924512987013,0.910435957792208
"성동구","응봉동",16188,2456,539,176,13017,0.151717321472696,0.0332962688411169,0.0108722510501606,0.804114158636027,0.911326352853966
"성동구","금호1가동",15954,2372,644,597,12341,0.148677447662028,0.0403660524006519,0.0374200827378714,0.773536417199448,0.906125799172621
"성동구","금호4가동",15227,2222,530,360,12115,0.14592500164182,0.0348065935509293,0.0236422144874237,0.795626190319827,0.911615551323307
"성동구","성수1가1동",17168,2079,607,447,14035,0.121097390493942,0.035356477166822,0.0260368126747437,0.817509319664492,0.923452236719478
"성동구","성수1가2동",14735,1943,541,242,12009,0.131862911435358,0.0367153036986766,0.0164234815066169,0.814998303359349,0.919205904309467
"성동구","성수2가1동",17722,2736,839,688,13459,0.154384380995373,0.0473422864236542,0.0388218034081932,0.75945152917278,0.900731915133732
"성동구","성수2가3동",11682,1768,422,202,9290,0.151343947954117,0.0361239513781887,0.017291559664441,0.795240541003253,0.909517890772128
"성동구","송정동",11428,1678,539,573,8638,0.146832341617081,0.0471648582429121,0.05014000700035,0.755862793139657,0.902699159957998
"성동구","용답동",13290,2124,673,733,9760,0.159819413092551,0.0506395786305493,0.0551542513167795,0.73438675696012,0.894228141459744
"성동구","왕십리도선동",27767,3484,993,745,22545,0.12547268340116,0.0357618756077358,0.0268304101991573,0.811935030791947,0.920999459790399
"성동구","금호2.3가동",24171,3783,946,710,18732,0.156509867196227,0.0391378097720409,0.029374043274999,0.774978279756733,0.903943734226966
"성동구","옥수동",27222,3806,723,453,22240,0.139813386231724,0.0265594004849019,0.0166409521710381,0.816986261112336,0.918556388215414
"광진구","화양동",25537,2245,536,397,22359,0.0879116575948624,0.0209891529936954,0.0155460704076438,0.875553119003798,0.946531659944394
"광진구","군자동",22109,2845,793,725,17746,0.128680627798634,0.0358677461667194,0.032792075625311,0.802659550409336,0.918376769641323
"광진구","중곡1동",16287,2371,693,760,12463,0.145576226438264,0.0425492724258611,0.0466629827469761,0.765211518388899,0.905428685454657
"광진구","중곡2동",22564,3054,898,701,17911,0.135348342492466,0.0397979081723099,0.0310671866690303,0.793786562666194,0.914026635348342
"광진구","중곡3동",17315,2640,760,931,12984,0.152468957551256,0.043892578688998,0.0537684088940225,0.749870054865723,0.9003652902108
"광진구","중곡4동",30516,4731,1343,1131,23311,0.155033425088478,0.0440096998295976,0.0370625245772709,0.763894350504653,0.901800760256914
"광진구","능동",11978,1530,381,256,9811,0.127734179328769,0.0318083152446151,0.0213725162798464,0.819084989146769,0.922077892803473
"광진구","구의1동",23063,2965,838,612,18648,0.128560898408707,0.0363352556042145,0.0265360100594025,0.808567835927676,0.91931413953085
"광진구","구의2동",27902,4031,1149,794,21928,0.144469930470934,0.0411798437388001,0.0284567414522256,0.78589348433804,0.909439144147373
"광진구","구의3동",30094,3734,809,432,25119,0.124077889280255,0.0268824350368844,0.0143550209344055,0.834684654748455,0.926694390908487
"광진구","광장동",36083,3500,739,212,31632,0.0969985865920239,0.0204805587118588,0.00587534295928831,0.876645511736829,0.94375221018208
"광진구","자양1동",24156,3229,920,962,19045,0.133672793508859,0.0380857757906938,0.0398244742507038,0.788416956449743,0.913986173207485
"광진구","자양2동",26893,3696,970,664,21563,0.1374335328896,0.0360688655040345,0.0246904398914216,0.801807161714944,0.91527051649128
"광진구","자양3동",29475,3782,841,279,24573,0.128312128922816,0.0285326547921968,0.00946564885496183,0.833689567430025,0.924837794741306
"광진구","자양4동",23000,3549,893,753,17805,0.154304347826087,0.0388260869565217,0.0327391304347826,0.774130434782609,0.904594434782609
"동대문구","회기동",13114,1502,325,213,11074,0.114534085709928,0.0247826750038127,0.0162421839255757,0.844441055360683,0.931849931371054
"동대문구","휘경1동",16508,2428,672,485,12923,0.147080203537679,0.0407075357402472,0.0293796946934819,0.782832566028592,0.908138054276714
"동대문구","휘경2동",25068,3753,886,537,19892,0.149712781235041,0.0353438646880485,0.0214217328865486,0.793521621190362,0.909910204244455
"동대문구","청량리동",21808,5198,1355,1533,13722,0.238352898019076,0.0621331621423331,0.0702953044754219,0.629218635363169,0.848658749082905
"동대문구","용신동",32144,5472,1482,1309,23881,0.170233947237432,0.0461050273768044,0.0407229965156794,0.742938028870085,0.892902967894475
"동대문구","제기동",27364,5456,1373,1224,19311,0.19938605467037,0.0501754129513229,0.044730302587341,0.705708229790966,0.876318411051016
"동대문구","전농1동",31075,5360,1540,1598,22577,0.172485921158488,0.0495575221238938,0.0514239742558327,0.726532582461786,0.888868543845535
"동대문구","전농2동",19990,3488,894,668,14940,0.174487243621811,0.0447223611805903,0.0334167083541771,0.747373686843422,0.89243951975988
"동대문구","답십리1동",29783,3893,1059,700,24131,0.13071215122721,0.0355571970587248,0.0235033408320183,0.810227310882047,0.918996440922674
"동대문구","답십리2동",30486,5270,1463,1082,22671,0.172866233681034,0.047989240963065,0.0354917011087056,0.743652824247195,0.891826313717772
"동대문구","장안1동",39153,5919,1689,1267,30278,0.151176155083902,0.0431384568232319,0.0323602278241769,0.773325160268689,0.90479365565857
"동대문구","장안2동",33045,4731,1306,985,26023,0.143168406718112,0.0395218641246785,0.0298078377969436,0.787501891360266,0.91041576637918
"동대문구","이문1동",22311,3221,812,602,17676,0.144368248845861,0.0363946035587827,0.0269822060866837,0.792254941508673,0.91131719779481
"동대문구","이문2동",21174,3659,1015,804,15696,0.172806271842826,0.0479361481061679,0.0379710966279399,0.741286483423066,0.891464768111835
"중랑구","면목2동",25942,4224,1277,1255,19186,0.162824762932696,0.049225194665022,0.0483771490247475,0.739572893377535,0.894311849510446
"중랑구","면목4동",20052,3528,1268,1334,13922,0.175942549371634,0.0632355874725713,0.0665270297227209,0.694294833433074,0.880120785956513
"중랑구","면목5동",9825,1606,522,551,7146,0.163460559796438,0.0531297709923664,0.0560814249363868,0.727328244274809,0.891430330788804
"중랑구","면목7동",22200,3939,1043,845,16373,0.177432432432432,0.046981981981982,0.0380630630630631,0.737522522522522,0.889452342342342
"중랑구","상봉1동",25499,3444,1400,1397,19258,0.135064120161575,0.0549041138868191,0.0547864622142045,0.755245303737402,0.905254911957332
"중랑구","상봉2동",19844,2806,854,767,15417,0.141402942955049,0.0430356782906672,0.0386514815561379,0.776909897198146,0.908676224551502
"중랑구","중화1동",20916,3269,879,751,16017,0.156291834002677,0.0420252438324727,0.0359055268693823,0.765777395295468,0.902019315356665
"중랑구","중화2동",27274,4778,1593,1876,19027,0.175185158025959,0.0584072743271981,0.0687834567720173,0.697624110874826,0.881725342817335
"중랑구","묵1동",36016,5412,1461,856,28287,0.1502665482008,0.0405653043091959,0.0237672145713016,0.785400932918703,0.907518019768992
"중랑구","묵2동",19901,3247,905,792,14957,0.163157630269836,0.0454751017536807,0.0397969951258731,0.751570272850611,0.896802421988845
"중랑구","망우3동",17941,3094,981,1443,12423,0.172454155286773,0.0546792263530461,0.0804302993144195,0.692436319045761,0.882403099046876
"중랑구","신내1동",40854,6265,1949,1396,31244,0.153350957066627,0.0477064669310227,0.0341704606648064,0.764772115337543,0.901895554902825
"중랑구","신내2동",21905,3653,1471,1203,15578,0.166765578635015,0.0671536178954577,0.054918968272084,0.711161835197443,0.885327733394202
"중랑구","면목본동",36195,5729,1738,1806,26922,0.158281530598149,0.0480176820002763,0.0498963945296312,0.743804392871944,0.896732476861445
"중랑구","면목3.8동",26589,4657,1277,1311,19344,0.175147617435782,0.048027379743503,0.0493061040279815,0.727518898792734,0.888393621422393
"중랑구","망우본동",31071,5513,1743,1749,22066,0.177432332399987,0.0560973254803515,0.0562904315921599,0.710179910527502,0.883427697853304
"성북구","돈암1동",15921,2736,634,502,12049,0.171848501978519,0.0398216192450223,0.0315306827460587,0.7567991960304,0.895692230387539
"성북구","돈암2동",25028,3249,729,292,20758,0.129814607639444,0.0291273773373821,0.0116669330350008,0.829391081988173,0.923526490330829
"성북구","안암동",17502,2157,597,365,14383,0.123243057936236,0.0341103873842989,0.0208547594560622,0.821791795223403,0.923646897497429
"성북구","보문동",16653,2340,593,392,13328,0.140515222482436,0.0356091995436258,0.0235393022278268,0.800336275746112,0.914071758842251
"성북구","정릉1동",19455,2943,663,363,15486,0.151272166538165,0.0340786430223593,0.0186584425597533,0.795990747879722,0.910005242868157
"성북구","정릉2동",23834,4182,982,665,18005,0.17546362339515,0.0412016447092389,0.0279013174456659,0.755433414449945,0.894026726525132
"성북구","정릉3동",17233,3166,748,688,12631,0.183717286601288,0.0434050948761098,0.039923402773748,0.732954215748854,0.887186908837695
"성북구","정릉4동",26792,4596,1047,770,20379,0.171543744401314,0.0390788295013437,0.028739922364885,0.760637503732457,0.896550948044192
"성북구","길음1동",37082,4264,1048,503,31267,0.11498840407745,0.0282616903079661,0.013564532657354,0.84318537295723,0.930913030580875
"성북구","길음2동",16620,2378,577,420,13245,0.143080625752106,0.0347172081829122,0.0252707581227437,0.796931407942238,0.91279861612515
"성북구","월곡1동",27523,4419,1174,840,21090,0.160556625367874,0.0426552338044545,0.0305199287868328,0.766268212040839,0.900567016676961
"성북구","월곡2동",20509,3410,931,632,15536,0.166268467502072,0.0453947047637622,0.0308157394314691,0.757521088302696,0.896755521965966
"성북구","장위1동",20592,3581,1086,1378,14547,0.173902486402486,0.0527389277389277,0.0669191919191919,0.706439393939394,0.884550505050505
"성북구","장위2동",13972,3037,714,805,9416,0.217363298024621,0.0511022044088176,0.0576152304609218,0.67391926710564,0.864897008302319
"성북구","장위3동",17580,2338,720,644,13878,0.132992036405006,0.0409556313993174,0.0366325369738339,0.789419795221843,0.913903299203641
"성북구","성북동",17584,3016,587,369,13612,0.171519563239308,0.0333826205641492,0.0209849863512284,0.774112829845314,0.89972804822566
"성북구","삼선동",26013,3994,932,783,20304,0.153538615307731,0.0358282397262907,0.0301003344481605,0.780532810517818,0.906404989812786
"성북구","동선동",16276,2201,558,367,13150,0.135229786188253,0.0342836077660359,0.0225485377242566,0.807938068321455,0.917316724010813
"성북구","종암동",42068,6317,1608,1170,32973,0.150161643054103,0.0382238280878578,0.0278121137206428,0.783802415137397,0.907678092611962
"성북구","석관동",36507,6526,1759,1374,26848,0.178760237762621,0.0481825403347303,0.0376366176349741,0.735420604267675,0.888461418358123
"강북구","번1동",19614,3427,972,880,14335,0.174722137248904,0.0495564392780667,0.0448659121035995,0.73085551136943,0.888832874477414
"강북구","번2동",17102,3813,1360,1532,10397,0.222956379370834,0.0795228628230616,0.0895801660624488,0.607940591743656,0.847419015319846
"강북구","번3동",18251,4445,2020,2438,9348,0.243548298723358,0.110678866911402,0.133581721549504,0.512191112815736,0.819550161634979
"강북구","수유1동",21841,4201,1293,1310,15037,0.192344672862964,0.0592005860537521,0.0599789386932833,0.688475802390001,0.874335744700334
"강북구","수유2동",21939,4471,1116,1057,15295,0.203792333287752,0.0508683166962943,0.0481790418888737,0.69716030812708,0.873316878617986
"강북구","수유3동",24064,4346,1094,1089,17535,0.180601728723404,0.0454621010638298,0.0452543218085106,0.728681848404255,0.887184217087766
"강북구","삼양동",25537,4713,1418,1568,17838,0.184555742647923,0.0555272741512315,0.0614011042800642,0.698515878920782,0.87921141872577
"강북구","미아동",22814,4243,1166,957,16448,0.185982291575348,0.0511089681774349,0.0419479267116683,0.720960813535548,0.88317037783817
"강북구","송중동",31153,5722,1432,1167,22832,0.183674124482393,0.0459666805765095,0.0374602766988733,0.732898918242224,0.886767020832665
"강북구","송천동",28628,5817,1534,1539,19738,0.203192678496577,0.0535839038703367,0.053758558055051,0.689464859578035,0.871797226491547
"강북구","삼각산동",32900,4154,1288,1133,26325,0.126261398176292,0.0391489361702128,0.0344376899696049,0.800151975683891,0.918228784194529
"강북구","우이동",21391,4557,1003,919,14912,0.213033518769576,0.0468888785003039,0.0429619933616942,0.697115609368426,0.870874292926932
"강북구","인수동",32461,6668,1821,1849,22123,0.205415729644805,0.0560980869350913,0.0569606604848896,0.681525522935215,0.869325159422076
"도봉구","쌍문1동",22364,4176,1117,1019,16052,0.186728671078519,0.049946342335897,0.0455642997674835,0.717760686818101,0.882585315685924
"도봉구","쌍문2동",20025,3639,924,849,14613,0.181722846441948,0.0461423220973783,0.0423970037453184,0.729737827715356,0.886869962546816
"도봉구","쌍문3동",17262,3247,803,612,12600,0.188101031166725,0.0465183640366122,0.0354535974973931,0.72992700729927,0.884702062333449
"도봉구","쌍문4동",19811,2743,684,277,16107,0.13845843218414,0.0345262732825198,0.0139821311392661,0.813033163394074,0.917035535813437
"도봉구","방학1동",30056,5302,1505,1362,21887,0.176404045781208,0.0500731966994943,0.0453154112323663,0.728207346286931,0.887746706148523
"도봉구","방학2동",21140,4083,1248,1958,13851,0.19314096499527,0.059035004730369,0.0926206244087039,0.655203405865658,0.868606527909177
"도봉구","방학3동",28782,4436,1042,363,22941,0.154124105343618,0.036203182544646,0.0126120491974151,0.797060662914321,0.90887370578834
"도봉구","창1동",26271,4235,1054,520,20462,0.161204369837463,0.0401202847246013,0.0197936888584371,0.778881656579498,0.902852042175783
"도봉구","창2동",30498,4750,1317,1033,23398,0.155747917896255,0.043183159551446,0.0338710735130172,0.767197849039281,0.902243688110696
"도봉구","창3동",14777,2762,783,1023,10209,0.186912093117683,0.0529877512350274,0.0692292075522772,0.690870948095012,0.877582188536239
"도봉구","창4동",27873,3889,1000,301,22683,0.139525705880243,0.0358770135973882,0.0107989810928138,0.813798299429556,0.916580023678829
"도봉구","창5동",25802,4018,1012,466,20306,0.155724362452523,0.0392217657545927,0.0180606154561662,0.786993256336718,0.906175412758701
"도봉구","도봉1동",22293,5387,1481,1196,14229,0.241645359529897,0.0664334095904544,0.0536491275288207,0.638272103350828,0.848335755618356
"도봉구","도봉2동",28677,6047,1480,913,20237,0.210865850681731,0.0516093036231126,0.031837360951285,0.705687484743871,0.872231230602922
"노원구","월계1동",23883,4076,1060,755,17992,0.170665326801491,0.0443830339572081,0.0316124439978227,0.753339195243479,0.894760499099778
"노원구","월계2동",27289,5260,2314,2936,16779,0.192751658177288,0.0847960716772326,0.107589138480707,0.614863131664773,0.857804463336876
"노원구","월계3동",31593,5610,1955,1819,22209,0.177570980913493,0.0618807963789447,0.0575760453264964,0.702972177381065,0.881231918462951
"노원구","공릉2동",41071,4904,1357,877,33933,0.119402985074627,0.033040344768815,0.0213532662949526,0.826203403861606,0.925838864405542
"노원구","하계1동",29305,4086,2129,2660,20430,0.139430131376898,0.0726497184780754,0.0907694932605357,0.697150656884491,0.89126091110732
"노원구","하계2동",23318,2995,992,1106,18225,0.128441547302513,0.0425422420447723,0.0474311690539497,0.781585041598765,0.913871601338022
"노원구","중계본동",25875,2546,850,542,21937,0.0983961352657005,0.0328502415458937,0.0209468599033816,0.847806763285024,0.936472270531401
"노원구","중계1동",28061,2229,760,636,24436,0.0794340900181747,0.0270838530344606,0.022664908591996,0.870817148355369,0.947578489718827
"노원구","중계4동",21324,3806,1526,1675,14317,0.178484336897393,0.071562558619396,0.0785499906208966,0.671403113862315,0.874109876195836
"노원구","상계1동",40121,6458,1901,1409,30353,0.160963086662845,0.0473816704468981,0.0351187657336557,0.756536477156601,0.898040527404601
"노원구","상계2동",21220,3115,881,811,16413,0.14679547596607,0.0415174363807729,0.0382186616399623,0.773468426013195,0.906553911404335
"노원구","상계5동",25483,4787,1302,1525,17869,0.187850724012086,0.0510928854530471,0.0598438174469254,0.701212573087941,0.879288663030255
"노원구","상계8동",23953,2653,723,265,20312,0.110758568864025,0.0301841105498267,0.0110633323592034,0.847993988226944,0.932804325136726
"노원구","상계9동",21919,3149,771,349,17650,0.143665313198595,0.0351749623614216,0.0159222592271545,0.805237465212829,0.913897258086592
"노원구","상계10동",16619,2138,505,316,13660,0.128647933088633,0.0303869065527408,0.0190143811300319,0.821950779228594,0.922480594500271
"노원구","상계3.4동",25818,5657,1600,2174,16387,0.219110697962662,0.0619722674103339,0.0842048183437911,0.634712216283213,0.856038035479123
"노원구","상계6.7동",34648,4593,1275,877,27903,0.132561764026784,0.0367986608173632,0.0253117063033941,0.805327868852459,0.917362329716001
"노원구","중계2.3동",36763,6914,3215,4399,22235,0.188069526426026,0.0874520577754808,0.11965835214754,0.604820063650953,0.857274977558959
"노원구","공릉1동",39040,5947,2226,1995,28872,0.152330942622951,0.0570184426229508,0.0511014344262295,0.739549180327869,0.8965296875
"은평구","녹번동",38411,6599,1645,1198,28969,0.171799744864752,0.0428262737236729,0.0311889823227721,0.754184999088803,0.894778448881831
"은평구","불광1동",40917,7446,1705,1448,30318,0.181978150890828,0.0416697216315957,0.0353887137375663,0.74096341374001,0.88937910892783
"은평구","갈현1동",24536,4276,1101,1646,17513,0.174274535376589,0.0448728399087056,0.0670850994457124,0.713767525268992,0.886940780893381
"은평구","갈현2동",30150,4697,1229,1284,22940,0.155787728026534,0.0407628524046435,0.0425870646766169,0.760862354892206,0.901586766169154
"은평구","구산동",33804,5827,2294,1262,24421,0.172376050171577,0.067861791503964,0.0373328600165661,0.722429298307893,0.885189800023666
"은평구","대조동",27910,4844,1234,1289,20543,0.173557864564672,0.0442135435327839,0.0461841633823003,0.736044428520244,0.890965997850233
"은평구","응암1동",25654,4058,1146,869,19581,0.158181959928276,0.0446713962734856,0.0338738598269276,0.76327278397131,0.900533600997895
"은평구","응암2동",25466,3356,896,836,20378,0.131783554543313,0.0351841671247938,0.03282808450483,0.800204193827064,0.91704562946674
"은평구","신사1동",28570,4655,1227,830,21858,0.162933146657333,0.0429471473573679,0.0290514525726286,0.765068253412671,0.899524431221561
"은평구","신사2동",21875,3670,1002,1075,16128,0.167771428571429,0.0458057142857143,0.0491428571428571,0.73728,0.892844022857143
"은평구","증산동",16172,2979,719,549,11925,0.184207271827851,0.0444595597328716,0.033947563690329,0.737385604748949,0.88757890180559
"은평구","수색동",8952,1735,484,446,6287,0.193811438784629,0.0540661304736372,0.0498212689901698,0.702301161751564,0.876977882037533
"은평구","진관동",58006,7590,1957,1135,47324,0.130848532910389,0.0337378891838775,0.0195669413508947,0.815846636554839,0.920179946902045
"은평구","불광2동",29552,5614,1482,1838,20618,0.189970221981592,0.0501488900920411,0.0621954520844613,0.697685435841906,0.878153356794802
"은평구","응암3동",26081,5423,1327,1491,17840,0.207929143821173,0.0508799509221272,0.0571680533721866,0.684022851884514,0.869761435527779
"은평구","역촌동",48490,7969,2169,1755,36597,0.164343163538874,0.0447308723448134,0.0361930294906166,0.754732934625696,0.897050649618478
"서대문구","천연동",18704,3243,791,612,14058,0.173385372112917,0.0422904191616766,0.0327202737382378,0.751603934987168,0.893910340034217
"서대문구","홍제1동",24997,4293,935,575,19194,0.171740608873065,0.0374044885386246,0.0230027603312397,0.767852142257071,0.897953354402528
"서대문구","홍제3동",16420,3448,834,544,11594,0.209987819732034,0.0507917174177832,0.0331303288672351,0.706090133982948,0.872727527405603
"서대문구","홍제2동",14570,2586,623,412,10949,0.177487989018531,0.0427590940288264,0.0282772820864791,0.751475634866163,0.892436993822924
"서대문구","홍은1동",22902,4305,1066,690,16841,0.187974849358135,0.0465461531743952,0.0301283730678543,0.735350624399616,0.885634617064012
"서대문구","홍은2동",28394,4856,1267,986,21285,0.171022046911319,0.0446221032612524,0.0347256462632951,0.749630203564133,0.893989328731422
"서대문구","남가좌1동",16918,2167,521,224,14006,0.128088426527958,0.0307956023170588,0.0132403357370848,0.827875635417898,0.923577786972455
"서대문구","남가좌2동",25947,4265,1081,925,19676,0.16437353065865,0.0416618491540448,0.0356495934019347,0.75831502678537,0.898140979689367
"서대문구","북가좌1동",19160,2861,710,386,15203,0.149321503131524,0.0370563674321503,0.0201461377870564,0.793475991649269,0.909749478079332
"서대문구","북가좌2동",33810,6009,1584,1156,25061,0.177728482697427,0.0468500443655723,0.0341910677314404,0.74123040520556,0.889986867790594
"서대문구","충현동",18113,3136,704,483,13790,0.173135317175509,0.0388671120189919,0.0266659305471209,0.761331640258378,0.896167448793684
"서대문구","북아현동",17525,2268,612,468,14177,0.12941512125535,0.0349215406562054,0.0267047075606277,0.808958630527817,0.919327132667618
"서대문구","신촌동",24372,2223,486,502,21161,0.0912112259970458,0.0199409158050222,0.0205974068603315,0.8682504513376,0.94439537173806
"서대문구","연희동",41339,6414,1398,722,32805,0.155156147947459,0.033817944314086,0.0174653474926825,0.793560560245773,0.908346404122016
"마포구","용강동",22441,2839,600,353,18649,0.126509513836282,0.0267367764359877,0.0157301368031728,0.831023572924558,0.925299897509024
"마포구","대흥동",13575,1871,435,359,10910,0.137826887661142,0.0320441988950276,0.0264456721915285,0.803683241252302,0.916116390423573
"마포구","염리동",13486,1792,432,310,10952,0.132878540708883,0.0320332196351772,0.0229868011270948,0.812101438528845,0.919164911760344
"마포구","신수동",23877,3216,720,292,19649,0.134690287724589,0.030154542027893,0.0122293420446455,0.822925828202873,0.920655861289107
"마포구","서교동",25997,3343,671,312,21671,0.12859176058776,0.0258106704619764,0.0120013847751664,0.833596184175097,0.925180559295303
"마포구","합정동",19153,2614,595,409,15535,0.136479924815956,0.0310656294053151,0.021354357019788,0.811100088758941,0.917953845350598
"마포구","망원1동",21856,3310,853,646,17047,0.151445827232796,0.0390281844802343,0.0295571010248902,0.779968887262079,0.906481835651537
"마포구","망원2동",19386,2890,748,469,15279,0.149076653254926,0.0385845455483338,0.0241927163932735,0.788146084803466,0.908698390591148
"마포구","연남동",16953,2462,540,214,13737,0.145225033917301,0.0318527694213414,0.0126231345484575,0.8102990621129,0.91476139916239
"마포구","성산1동",20164,2881,706,521,16056,0.142878397143424,0.0350128942670105,0.0258381273556834,0.796270581233882,0.91270824241222
"마포구","성산2동",41531,5889,2041,1932,31669,0.14179769328935,0.049144012906022,0.0465194673858082,0.76253882641882,0.905158772964773
"마포구","상암동",32882,3771,1157,840,27114,0.114682805182167,0.0351864241834438,0.0255458913691381,0.824584879265251,0.926796818928289
"마포구","도화동",22594,3602,762,457,17773,0.159422855625387,0.0337257679029831,0.0202266088342038,0.786624767637426,0.905787952553775
"마포구","서강동",26163,3068,688,215,22192,0.117264839659061,0.0262966785154608,0.00821771203608149,0.848220769789397,0.931307457095899
"마포구","공덕동",40509,5920,1513,911,32165,0.146140363869757,0.0373497247525241,0.0224888296427954,0.794021081734923,0.910856402280975
"마포구","아현동",25358,2961,658,368,21371,0.116767883902516,0.0259484186450035,0.0145121855035886,0.842771511948892,0.930632620869154
"양천구","목1동",32173,2907,678,246,28342,0.0903552668386535,0.0210735710067448,0.00764616293165076,0.880924999222951,0.946585397693718
"양천구","목2동",31477,3794,1058,670,25955,0.120532452266734,0.0336118435683197,0.0212853829780475,0.824570321186898,0.925096165454141
"양천구","목3동",23095,3050,891,808,18346,0.132063217146569,0.0385797791729812,0.0349859276899762,0.794371075990474,0.915425806451613
"양천구","목4동",26909,3033,882,734,22260,0.112713218625739,0.0327771377606005,0.0272771191794567,0.827232524434204,0.928293433423762
"양천구","신월1동",21773,3776,1247,1594,15156,0.17342580259955,0.0572727690258577,0.0732099389151702,0.696091489459422,0.882250172231663
"양천구","신월2동",22126,3572,1013,651,16890,0.161439031004248,0.0457832414354154,0.0294223989876164,0.76335532857272,0.899271535749797
"양천구","신월3동",16719,2819,967,1236,11697,0.168610562832705,0.057838387463365,0.0739278664991925,0.699623183204737,0.884352114360907
"양천구","신월4동",19026,2942,890,329,14865,0.154630505623883,0.046778093135709,0.0172921265636497,0.781299274676758,0.904347997477136
"양천구","신월5동",15570,2219,732,593,12026,0.142517662170841,0.0470134874759152,0.0380860629415543,0.772382787411689,0.906895504174695
"양천구","신월6동",6615,1107,251,142,5115,0.16734693877551,0.0379440665154951,0.0214663643235072,0.773242630385488,0.900225094482237
"양천구","신월7동",21602,4107,1171,919,15405,0.190121285066198,0.0542079437089158,0.0425423571891492,0.713128414035737,0.87997703916304
"양천구","신정1동",21627,2526,567,252,18282,0.116798446386461,0.0262172284644195,0.011652101539742,0.845332223609377,0.931000277430989
"양천구","신정2동",20685,2452,737,565,16931,0.118540004834421,0.0356296833454194,0.0273144790911288,0.818515832729031,0.924429683345419
"양천구","신정3동",48151,6450,2119,1769,37813,0.133953604286515,0.0440073934082366,0.036738593175635,0.785300409129613,0.912394882764636
"양천구","신정6동",25304,2468,464,40,22332,0.097533986721467,0.0183370218147328,0.00158077774264938,0.882548213721151,0.944902624091053
"양천구","신정7동",30904,4546,1413,1559,23386,0.147100698938649,0.0457222366036759,0.0504465441366813,0.756730520320994,0.902991910432307
"양천구","목5동",42948,3969,731,47,38201,0.0924140821458508,0.0170205830306417,0.00109434665176492,0.889470988171743,0.947978578746391
"양천구","신정4동",35581,5527,1645,1343,27066,0.15533571288047,0.0462325398386779,0.0377448638318204,0.760686883449032,0.900801270340912
"강서구","염창동",42579,3963,1114,166,37336,0.0930740505883182,0.0261631320604054,0.00389863547758285,0.876864181873694,0.944159703140046
"강서구","등촌1동",23717,2663,736,204,20114,0.112282329131003,0.0310325926550576,0.0086014251380866,0.848083653075853,0.93216781211789
"강서구","등촌2동",21868,2948,732,356,17832,0.134808853118712,0.0334735686848363,0.0162794951527346,0.815438083043717,0.918829705505762
"강서구","등촌3동",32506,6050,3861,5268,17327,0.186119485633422,0.118778071740602,0.162062388482126,0.53304005414385,0.840884421337599
"강서구","화곡본동",35918,4552,1420,1279,28667,0.126733114315942,0.0395344952391559,0.0356088869090707,0.798123503535832,0.917672058577872
"강서구","화곡2동",19487,2721,795,767,15204,0.139631549237954,0.0407964283881562,0.0393595730486991,0.780212449325191,0.910186278031508
"강서구","화곡3동",22710,3755,848,537,17570,0.165345662703655,0.0373403786878027,0.0236459709379128,0.77366798767063,0.901065918097754
"강서구","화곡4동",22044,3533,959,764,16788,0.160270368354201,0.0435039012883324,0.0346579568136454,0.761567773543821,0.89974646162221
"강서구","화곡6동",25118,3597,960,694,19867,0.143204076757704,0.038219603471614,0.0276295883430209,0.790946731427661,0.911188390795446
"강서구","화곡8동",26509,4060,1073,742,20634,0.153155532083443,0.0404768191934815,0.0279904937945603,0.778377154928515,0.905405975329133
"강서구","가양1동",34154,2786,821,224,30323,0.0815717046319611,0.0240381800081982,0.00655852901563506,0.887831586344206,0.950175352813726
"강서구","가양2동",15140,3640,2451,2883,6166,0.240422721268164,0.161889035667107,0.190422721268164,0.407265521796565,0.794783619550859
"강서구","가양3동",16199,3369,1691,2097,9042,0.207975800975369,0.104389159824681,0.129452435335515,0.558182603864436,0.840099635779986
"강서구","발산1동",38507,4383,1491,1073,31560,0.113823460669489,0.0387202326849664,0.027865063494949,0.819591243150596,0.925674137169865
"강서구","공항동",28261,3661,1095,791,22714,0.129542479034712,0.0387459750185768,0.0279891015887619,0.803722444357949,0.917785640989349
"강서구","방화1동",45668,6040,1767,808,37053,0.13225891214855,0.0386923009547167,0.0176929140755014,0.811355872821231,0.918144061487256
"강서구","방화2동",24051,4506,1628,1314,16603,0.187351877260821,0.0676894931603676,0.054633902956218,0.690324726622594,0.874904245145732
"강서구","방화3동",24467,4701,2042,1880,15844,0.192136346916255,0.0834593534148036,0.0768381902153922,0.64756610945355,0.863628479176033
"강서구","화곡1동",54562,7812,2125,1445,43180,0.143176569773835,0.0389465195557348,0.0264836332978996,0.79139327737253,0.911150617645981
"강서구","우장산동",44808,5337,1245,413,37813,0.119108194965185,0.027785216925549,0.00921710408855561,0.843889484020711,0.929728173540439
"구로구","신도림동",37188,4312,945,146,31785,0.11595138216629,0.0254114230396902,0.00392599763364526,0.854711197160374,0.932965338281166
"구로구","구로1동",22097,2279,519,68,19231,0.103136172331086,0.0234873512241481,0.00307734081549532,0.870299135629271,0.940149839344707
"구로구","구로3동",26290,3281,910,298,21801,0.124800304298212,0.0346139216432103,0.0113351084062381,0.829250665652339,0.924272346899962
"구로구","구로4동",26219,4323,1184,670,20042,0.164880430222358,0.0451580914603913,0.0255539875662687,0.764407490750982,0.898396048666997
"구로구","구로5동",33426,4398,1101,327,27600,0.13157422365823,0.0329384311613714,0.00978280380542093,0.825704541374978,0.921696104828577
"구로구","고척1동",24182,4033,1148,536,18465,0.166776941526755,0.047473327268216,0.022165246877843,0.763584484327186,0.897240592175999
"구로구","고척2동",28950,4716,1328,881,22025,0.162901554404145,0.0458721934369603,0.0304317789291883,0.760794473229706,0.898344283246978
"구로구","개봉2동",33036,5808,1438,621,25169,0.175808209226299,0.0435282721879162,0.0187976752633491,0.761865843322436,0.894586420874198
"구로구","개봉3동",22005,3848,1060,612,16485,0.174869347875483,0.0481708702567598,0.0278118609406953,0.749147920927062,0.892031810952056
"구로구","오류1동",23295,3705,1089,726,17775,0.159047005795235,0.0467482292337411,0.0311654861558274,0.763039278815196,0.899860528010303
"구로구","오류2동",53500,7618,2476,1620,41786,0.142392523364486,0.0462803738317757,0.0302803738317757,0.781046728971963,0.908488672897196
"구로구","수궁동",24890,3989,1268,623,19010,0.160265166733628,0.0509441542788268,0.0250301325833668,0.763760546404178,0.898874929690639
"구로구","가리봉동",15250,2031,547,566,12106,0.133180327868852,0.0358688524590164,0.0371147540983607,0.793836065573771,0.91541331147541
"구로구","구로2동",35208,5599,1458,892,27259,0.15902635764599,0.0414110429447853,0.0253351511020223,0.774227448307203,0.902599466030448
"구로구","개봉1동",33835,5839,1670,1273,25053,0.172572779666026,0.0493571745234225,0.0376237623762376,0.740446283434314,0.891168464607655
"금천구","가산동",24455,2414,743,544,20754,0.0987119198527908,0.0303823349008383,0.022244939685136,0.848660805561235,0.93691707217338
"금천구","독산1동",43840,5320,1980,1541,34999,0.121350364963504,0.0451642335766423,0.0351505474452555,0.798334854014599,0.918575615875912
"금천구","독산2동",21405,3241,984,1127,16053,0.151413221209998,0.0459705676243868,0.0526512497080121,0.749964961457603,0.900389675309507
"금천구","독산3동",29916,4339,1219,941,23417,0.145039443775906,0.0407474261264875,0.0314547399384945,0.782758390159112,0.908802847974328
"금천구","독산4동",18227,2748,818,726,13935,0.150765348109947,0.044878476984693,0.03983101991551,0.76452515498985,0.903190431777034
"금천구","시흥1동",36706,5803,1659,1360,27884,0.15809404457037,0.0451969705225304,0.0370511632975535,0.759657821609546,0.899879338527761
"금천구","시흥2동",22659,3753,1120,1126,16660,0.16562955117172,0.0494284831634229,0.0496932786089413,0.735248687055916,0.892625005516572
"금천구","시흥3동",11524,2195,556,323,8450,0.190472058313086,0.0482471364109684,0.0280284623394655,0.73325234293648,0.884169472405415
"금천구","시흥4동",22216,3761,1097,1046,16312,0.169292401872524,0.0493788260713,0.0470831832913216,0.734245588764854,0.891240682391069
"금천구","시흥5동",20872,4086,1197,1413,14176,0.195764660789575,0.0573495592180912,0.0676983518589498,0.679187428133384,0.871964737447298
"영등포구","여의동",34598,5893,755,91,27859,0.170327764610671,0.0218220706399214,0.002630209838719,0.805219954910688,0.907179027689462
"영등포구","당산1동",21524,3212,805,406,17101,0.14922876788701,0.037400111503438,0.0188626649321687,0.794508455677383,0.909893839435049
"영등포구","당산2동",36324,4301,924,180,30919,0.118406563153838,0.0254377271225636,0.00495540138751239,0.851200308336086,0.931559189516573
"영등포구","양평1동",18263,2401,715,272,14875,0.131467995400537,0.039150194382084,0.0148935005201774,0.814488309697202,0.918849860373433
"영등포구","양평2동",22802,2408,615,204,19575,0.105604771511271,0.0269713183054118,0.00894658363301465,0.858477326550303,0.936793921585826
"영등포구","신길1동",19750,3252,826,673,14999,0.164658227848101,0.0418227848101266,0.0340759493670886,0.759443037974684,0.898205012658228
"영등포구","신길3동",18727,2958,861,696,14212,0.157953756608106,0.0459763977145298,0.0371655897901426,0.758904255887222,0.899672611737064
"영등포구","신길4동",9985,1806,532,522,7125,0.180871306960441,0.0532799198798197,0.0522784176264397,0.7135703555333,0.883302754131197
"영등포구","신길5동",10670,1861,527,432,7850,0.174414245548266,0.0493908153701968,0.0404873477038425,0.735707591377694,0.889764104967198
"영등포구","신길6동",19434,3101,759,436,15138,0.159565709581146,0.0390552639703612,0.0224349078933827,0.77894411855511,0.903588093032829
"영등포구","신길7동",17075,2036,477,170,14392,0.119238653001464,0.0279355783308931,0.00995607613469985,0.842869692532943,0.929491244509517
"영등포구","대림1동",16332,2781,751,462,12338,0.170279206465834,0.045983345579231,0.0282880235121234,0.755449424442812,0.894972385500857
"영등포구","대림2동",21370,2870,711,433,17356,0.134300421151146,0.0332709405708938,0.0202620496022461,0.812166588675714,0.91849386991109
"영등포구","대림3동",28638,4107,1156,715,22660,0.143410852713178,0.0403659473426915,0.0249668272924087,0.791256372651721,0.910813918569732
"영등포구","영등포본동",24813,3856,1074,754,19129,0.155402410027002,0.0432837625438278,0.030387296981421,0.770926530447749,0.902957965582557
"영등포구","영등포동",27166,3351,1067,1451,21297,0.123352720312155,0.0392770374733122,0.0534123536773909,0.783957888537142,0.916509902083487
"영등포구","도림동",21552,3285,921,629,16717,0.152422048997773,0.0427338530066815,0.0291852264291017,0.775658871566444,0.9048285077951
"영등포구","문래동",31963,4393,934,250,26386,0.137440165191002,0.0292212871132247,0.00782154365985671,0.825517004035917,0.920317116666145
"동작구","노량진2동",13789,2604,663,829,9693,0.188846181739067,0.0480818043367902,0.0601203858147799,0.702951628109363,0.87974196823555
"동작구","상도1동",48153,6625,1524,1073,38931,0.137582289784645,0.0316491184349885,0.0222831391605923,0.808485452619774,0.917056278944199
"동작구","상도2동",29270,4252,973,481,23564,0.14526819268876,0.033242227536727,0.016433208062863,0.80505637171165,0.913651247010591
"동작구","상도3동",26041,4165,1155,824,19897,0.159940094466418,0.0443531354402673,0.0316424100456972,0.764064360047617,0.900128067278522
"동작구","상도4동",29893,4685,1309,1138,22761,0.15672565483558,0.0437895159401867,0.0380691131703074,0.761415716053926,0.900861439132907
"동작구","사당1동",24026,3550,796,547,19133,0.147756597019895,0.0331307749937568,0.0227670024140514,0.796345625572297,0.911398859568801
"동작구","사당3동",26034,4195,800,381,20658,0.161135438273028,0.0307290466313283,0.0146347084581701,0.793500806637474,0.906846239532918
"동작구","사당4동",14921,2489,563,455,11414,0.166811875879633,0.0377320554922592,0.0304939347228738,0.764962133905234,0.899073252462972
"동작구","사당5동",12886,1980,484,325,10097,0.153655129598013,0.0375601427906255,0.0252211702623002,0.783563557349061,0.906578534844017
"동작구","대방동",40177,5390,1598,1360,31829,0.13415635811534,0.0397740000497797,0.0338502128083232,0.792219429026558,0.91417134181248
"동작구","신대방1동",26599,3518,815,385,21881,0.132260611301177,0.0306402496334449,0.0144742283544494,0.822624910710929,0.921339524042257
"동작구","신대방2동",20719,2893,711,471,16644,0.139630291037212,0.0343163280081085,0.0227327573724601,0.803320623582219,0.915075244944254
"동작구","흑석동",35551,5506,1149,681,28215,0.15487609349948,0.0323197659700149,0.0191555793085989,0.793648561221907,0.908703440128266
"동작구","노량진1동",32563,5419,1266,824,25054,0.166415870773577,0.0388784817123729,0.0253047937843565,0.769400853729693,0.899747996191997
"동작구","사당2동",28290,4955,929,429,21977,0.175150229763167,0.0328384588193708,0.0151643690349947,0.776846942382467,0.899053234358431
"관악구","보라매동",26496,4224,1144,837,20291,0.159420289855072,0.0431763285024155,0.0315896739130435,0.765813707729469,0.900786194142512
"관악구","청림동",16286,2628,659,522,12477,0.161365590077367,0.0404642023824143,0.0320520692619428,0.766118138278276,0.900634962544517
"관악구","행운동",30061,4135,1111,812,24003,0.137553640930109,0.036958185023785,0.027011742789661,0.798476431256445,0.914533082731779
"관악구","낙성대동",17623,1927,465,329,14902,0.109345741360722,0.0263859728763548,0.0186687851103671,0.845599500652556,0.933513022754355
"관악구","중앙동",15895,2316,597,402,12580,0.14570619691727,0.037558980811576,0.0252909720037748,0.79144385026738,0.910541868512111
"관악구","인헌동",27088,3751,913,468,21956,0.138474601299468,0.0337049616066155,0.0172770230360307,0.810543414057885,0.916755648257531
"관악구","남현동",18980,2605,570,205,15600,0.137249736564805,0.030031612223393,0.0108008429926238,0.821917808219178,0.919652528977871
"관악구","서원동",24068,3159,826,647,19436,0.131253116170849,0.0343194282865215,0.0268821671929533,0.807545288349676,0.918578153564899
"관악구","신원동",19742,3086,830,778,15048,0.156316482625874,0.0420423462668423,0.03940836794651,0.762232803160774,0.901423361361564
"관악구","서림동",24339,3341,853,717,19428,0.137269403015736,0.0350466329758823,0.0294588931344755,0.798225070873906,0.914904145609926
"관악구","신사동_관",25960,3379,923,912,20746,0.130161787365177,0.0355546995377504,0.0351309707241911,0.799152542372881,0.917353890600925
"관악구","신림동",22525,1895,560,471,19599,0.0841287458379578,0.0248612652608213,0.0209100998890122,0.870099889012209,0.946256381798002
"관악구","난향동",16394,2668,723,536,12467,0.16274246675613,0.0441015005489813,0.0326948883737953,0.760461144321093,0.898636513358546
"관악구","조원동",19579,2659,728,511,15681,0.135808774707595,0.0371826957454415,0.0260993922059349,0.800909137341029,0.915481740640482
"관악구","대학동",24457,2687,720,659,20391,0.10986629594799,0.0294394242957027,0.0269452508484279,0.833749028907879,0.930876436194137
"관악구","은천동",35337,5546,1688,1254,26849,0.156945977304242,0.0477686277839092,0.0354868834366245,0.759798511475224,0.899860259784362
"관악구","성현동",31175,5160,1442,1279,23294,0.16551724137931,0.0462550120288693,0.0410264635124298,0.74720128307939,0.895161603849238
"관악구","청룡동",34440,4113,1011,677,28639,0.119425087108014,0.0293554006968641,0.01965737514518,0.831562137049942,0.927327351916376
"관악구","난곡동",28912,5033,1584,1563,20732,0.174079966795794,0.054786939679026,0.0540605976757056,0.717072495849474,0.885905540951854
"관악구","삼성동",25226,5530,1558,1278,16860,0.219218266867518,0.0617616744628558,0.0506620153809562,0.66835804328867,0.861588519781178
"관악구","미성동",32751,5352,1394,976,25029,0.163414857561601,0.042563585844707,0.0298006167750603,0.764220939818631,0.899286922536716
"서초구","서초1동",21579,2898,489,269,17923,0.134297233421382,0.0226609203392187,0.0124658232540896,0.83057602298531,0.923293757820103
"서초구","서초2동",18837,2091,297,88,16361,0.111004937091894,0.0157668418537984,0.00467165684556989,0.868556564208738,0.938507883420927
"서초구","서초3동",30951,4391,700,295,25565,0.141869406481212,0.0226163936544861,0.0095311944686763,0.825983005395625,0.920006623372427
"서초구","서초4동",31988,3899,463,39,27587,0.121889458546955,0.0144741778166813,0.00121920720270101,0.862417156433663,0.934063148680755
"서초구","잠원동",35131,3848,621,247,30415,0.109532891178731,0.017676695795736,0.00703082747431044,0.865759585551223,0.938222481568985
"서초구","반포본동",12190,1885,192,38,10075,0.154634946677605,0.0157506152584085,0.00311730926989336,0.826497128794094,0.916954716981132
"서초구","반포1동",33237,3332,564,283,29058,0.100249721695701,0.0169690405271234,0.00851460721485092,0.874266630562325,0.942853476547222
"서초구","반포2동",16385,1859,258,5,14263,0.113457430576747,0.0157461092462618,0.000305157155935307,0.870491303021056,0.938008971620384
"서초구","반포3동",20390,2412,315,22,17641,0.118293281020108,0.0154487493869544,0.00107896027464443,0.865179009318293,0.935561794997548
"서초구","반포4동",20232,2663,358,83,17128,0.131623171213919,0.0176947410043495,0.00410241202056149,0.84657967576117,0.927654557137208
"서초구","방배본동",21585,2924,464,260,17937,0.135464442900162,0.0214964095436646,0.0120454018994672,0.830993745656706,0.923164975677554
"서초구","방배1동",17524,2713,476,251,14084,0.154816251997261,0.0271627482309975,0.01432321387811,0.803697785893632,0.911237674047021
"서초구","방배2동",20958,3364,720,381,16493,0.160511499188854,0.0343544231319782,0.0181792155740052,0.786954862105163,0.905373365779177
"서초구","방배3동",22455,3552,583,286,18034,0.158183032732131,0.0259630371854821,0.0127365842796705,0.803117345802717,0.910213181919394
"서초구","방배4동",24083,3231,588,249,20015,0.134161026450193,0.0244155628451605,0.0103392434497363,0.83108416725491,0.923131960303949
"서초구","양재1동",45940,6379,1965,1875,35721,0.13885502829778,0.0427731824118415,0.0408141053548106,0.777557683935568,0.909680235089247
"서초구","양재2동",23161,2720,650,510,19281,0.117438797979362,0.028064418634774,0.0220197746211303,0.832477008764734,0.928358015629722
"서초구","내곡동",18481,2975,853,664,13989,0.160976137654889,0.0461555110654185,0.0359287917320491,0.756939559547644,0.898306206374114
"강남구","신사동_강",17546,2900,413,149,14084,0.165279835860025,0.0235381283483415,0.00849196398039439,0.802690071811239,0.908167787529921
"강남구","논현1동",23792,2869,587,521,19815,0.120586751849361,0.0246721587088097,0.0218981170141224,0.832842972427707,0.927926950235373
"강남구","논현2동",21904,2972,505,393,18034,0.135682980277575,0.0230551497443389,0.0179419284149014,0.823319941563185,0.921566837107378
"강남구","삼성1동",14920,2108,304,133,12375,0.141286863270777,0.0203753351206434,0.0089142091152815,0.829423592493298,0.921141487935657
"강남구","삼성2동",30674,3251,565,401,26457,0.105985525200496,0.0184195083784312,0.0130729608137185,0.862522005607355,0.938753341592228
"강남구","대치1동",25302,2199,285,21,22797,0.0869101256817643,0.0112639317050036,0.000829973915105525,0.900995968698127,0.952679630068769
"강남구","대치4동",20822,1956,384,391,18091,0.0939391028719623,0.0184420324656613,0.0187782153491499,0.868840649313226,0.943827730285275
"강남구","역삼1동",37002,3517,799,641,32045,0.095048916274796,0.0215934273823037,0.017323387924977,0.866034268417923,0.942469758391438
"강남구","역삼2동",37336,3479,637,370,32850,0.0931808442254125,0.0170612813370474,0.00991000642811228,0.879847868009428,0.946127142704093
"강남구","도곡1동",22626,2782,425,110,19309,0.122955891452312,0.0187837001679484,0.00486166357288076,0.853398744806859,0.931502475028728
"강남구","도곡2동",34437,4415,497,48,29477,0.128205128205128,0.014432151464994,0.00139384963847025,0.855968870691407,0.930890408572175
"강남구","개포1동",6920,1507,228,145,5040,0.217774566473988,0.0329479768786127,0.0209537572254335,0.728323699421965,0.876749566473988
"강남구","개포4동",18405,2260,542,547,15056,0.122792719369736,0.0294485194240695,0.0297201847324097,0.818038576473784,0.923952349904917
"강남구","일원본동",24399,2618,718,73,20990,0.107299479486864,0.0294274355506373,0.0029919258986024,0.860281159063896,0.936116111316037
"강남구","일원1동",16438,3015,1084,1526,10813,0.183416474023604,0.065944762136513,0.0928336780630247,0.657805085776858,0.871146489840613
"강남구","일원2동",18160,3001,1181,1141,12837,0.165253303964758,0.0650330396475771,0.0628303964757709,0.706883259911894,0.885480396475771
"강남구","수서동",15934,4099,2173,3079,6583,0.257248650684072,0.13637504706916,0.193234592694866,0.413141709551902,0.794351826283419
"강남구","세곡동",45064,6051,2006,2033,34974,0.134275696786792,0.0445144683117344,0.0451136161903071,0.776096218711166,0.910684115924019
"강남구","압구정동",27712,4894,489,81,22248,0.176602193995381,0.0176457852193995,0.00292292147806005,0.802829099307159,0.905375866050808
"강남구","청담동",30120,3998,563,185,25374,0.13273572377158,0.0186918990703851,0.00614209827357238,0.842430278884462,0.926431673306773
"강남구","대치2동",38647,4335,621,149,33542,0.112169120500944,0.0160685176080938,0.0038554092167568,0.867906952674205,0.937960617900484
"강남구","개포2동",22049,2799,432,145,18673,0.126944532631865,0.0195927252936641,0.00657626196199374,0.846886480112477,0.928957458388136
"송파구","풍납1동",15518,2743,692,457,11626,0.176762469390385,0.0445933754349787,0.0294496713494007,0.749194483825235,0.891999162263178
"송파구","풍납2동",25288,3419,826,454,20589,0.135202467573553,0.0326637140145524,0.0179531793736159,0.814180639038279,0.91862480227776
"송파구","거여1동",13221,2165,626,520,9910,0.163754632781181,0.0473489146055518,0.0393313667649951,0.749565085848272,0.895960517358747
"송파구","거여2동",16921,3007,926,641,12347,0.177708173275811,0.0547248980556705,0.0378819218722298,0.729685006796289,0.88678145499675
"송파구","마천1동",20764,3990,1258,1384,14132,0.192159506838759,0.0605856289732229,0.0666538239260258,0.680601040261992,0.872868522442689
"송파구","마천2동",20242,3843,1210,1304,13885,0.189852781345717,0.0597767019069262,0.0644205118071337,0.685950004940223,0.874658136547772
"송파구","방이1동",16524,2023,440,264,13797,0.122427983539095,0.0266279351246672,0.0159767610748003,0.834967320261438,0.927335996126846
"송파구","방이2동",26044,3248,785,597,21414,0.124712025802488,0.0301412993395792,0.0229227461219475,0.822223928735985,0.923884963907234
"송파구","오륜동",18864,2375,296,11,16182,0.125901187446989,0.0156912637828668,0.000583121289228159,0.857824427480916,0.931759382951654
"송파구","오금동",41067,5646,1439,1246,32736,0.137482650303163,0.035040299997565,0.0303406628192953,0.797136386879977,0.914654126184041
"송파구","송파1동",26026,3223,691,463,21649,0.123837700760778,0.0265503727042189,0.017789902405287,0.831822024129716,0.926357642357642
"송파구","송파2동",20862,2672,509,302,17379,0.128079762247148,0.0243984277633976,0.0144760809126642,0.83304572907679,0.925495685936152
"송파구","석촌동",34309,4151,1039,838,28281,0.120988661867149,0.0302835990556414,0.0244250779678801,0.82430266110933,0.925451659914308
"송파구","삼전동",32613,3678,938,867,27130,0.112777113421028,0.0287615368104744,0.0265844908472082,0.831876858921289,0.929704933615429
"송파구","가락본동",27876,3392,745,456,23283,0.12168173339073,0.0267254986368202,0.0163581575548859,0.835234610417564,0.927613897259291
"송파구","가락1동",27716,2776,512,84,24344,0.100158753066821,0.0184730841391254,0.00303074036657526,0.878337422427479,0.943305960456054
"송파구","가락2동",33920,3797,925,453,28745,0.111939858490566,0.0272700471698113,0.0133549528301887,0.847435141509434,0.932800117924528
"송파구","문정1동",21301,2697,601,320,17683,0.126613774001221,0.0282146378104314,0.0150227688840899,0.830148819304258,0.924875311018262
"송파구","문정2동",29967,3546,518,75,25828,0.118330163179497,0.0172856809156739,0.00250275302833116,0.861881402876498,0.934700403777489
"송파구","장지동",33055,4124,1426,1168,26337,0.124761760701861,0.0431402208440478,0.0353350476478596,0.796762970806232,0.917509423687793
"송파구","위례동",28296,1922,749,413,25212,0.0679247950240317,0.0264701724625389,0.0145957025728018,0.891009329940628,0.954867684478371
"송파구","잠실본동",29628,3475,826,674,24653,0.117287700823545,0.0278790333468341,0.022748751181315,0.832084514648306,0.928374645605508
"송파구","잠실4동",22240,2522,433,17,19268,0.11339928057554,0.0194694244604317,0.000764388489208633,0.86636690647482,0.936729856115108
"송파구","잠실6동",17441,2577,372,34,14458,0.147755289260937,0.0213290522332435,0.00194942950518892,0.828966229000631,0.918740783211972
"송파구","잠실7동",10191,2006,210,12,7963,0.196840349327838,0.0206064174271416,0.00117750956726523,0.781375723677755,0.894564812089098
"송파구","잠실2동",36809,3245,582,26,32956,0.0881577874976229,0.0158113504849357,0.000706348990735961,0.895324513026705,0.950571001657203
"송파구","잠실3동",36038,5072,706,40,30220,0.140740329652034,0.0195904323214385,0.0011099395082968,0.838559298518231,0.922962262056718
"강동구","강일동",32127,4527,1518,981,25101,0.140909515360911,0.0472499766551499,0.0305350639648893,0.781305444019049,0.908867214492483
"강동구","상일동",10773,1579,487,261,8446,0.146570129026269,0.0452056066091154,0.0242272347535505,0.783997029611065,0.907754385964912
"강동구","명일1동",26758,3521,861,309,22067,0.131586815158084,0.032177292772255,0.0115479482771508,0.824687943792511,0.921650497047612
"강동구","명일2동",17778,2255,454,169,14900,0.126842164472944,0.0255371807852402,0.00950613117336033,0.838114523568455,0.926557599280009
"강동구","고덕1동",27079,2652,749,294,23384,0.0979356697071531,0.0276598101850142,0.0108571217548654,0.863547398352967,0.940085342885631
"강동구","고덕2동",19345,2372,766,511,15696,0.122615662962006,0.0395967950374774,0.0264150943396226,0.811372447660894,0.921227138795554
"강동구","암사2동",14774,2123,488,126,12037,0.143698389061865,0.0330310004061189,0.0085284960064979,0.814742114525518,0.91581034249357
"강동구","암사3동",18693,2368,552,84,15689,0.126678435778099,0.0295297705023271,0.00449366072861499,0.839298132990959,0.926144974054459
"강동구","천호1동",28400,4789,1429,1177,21005,0.16862676056338,0.0503169014084507,0.041443661971831,0.739612676056338,0.892193521126761
"강동구","천호3동",27996,4479,1337,1134,21046,0.159987141020146,0.0477568224032005,0.0405057865409344,0.751750250035719,0.897515466495214
"강동구","성내1동",20561,2821,663,231,16846,0.137201497981616,0.032245513350518,0.0112348621176013,0.819318126550265,0.918872233840766
"강동구","성내2동",25186,3990,1062,643,19491,0.158421345191773,0.0421662828555547,0.0255300563805289,0.773882315572143,0.902619828476138
"강동구","성내3동",23921,3432,885,483,19121,0.143472262865265,0.0369967810710255,0.0201914635675766,0.799339492496133,0.912686342544208
"강동구","둔촌1동",283,94,3,2,184,0.332155477031802,0.0106007067137809,0.00706713780918728,0.65017667844523,0.829247349823321
"강동구","둔촌2동",27752,4010,960,477,22305,0.144494090515999,0.0345921014701643,0.0171879504179879,0.803725857595849,0.913466957336408
"강동구","암사1동",36693,5623,1688,1535,27847,0.153244488049492,0.0460033248848554,0.0418335922383016,0.758918594827351,0.901248112719047
"강동구","천호2동",35904,5692,1765,1658,26789,0.158533868092692,0.0491588680926916,0.0461786987522282,0.746128565062389,0.896841995320856
"강동구","길동",46367,7125,2002,1198,36042,0.153665322319753,0.043177259689003,0.0258373412125003,0.777320076778743,0.904612504583001
